"Rep","p","Framework","Method","RMSE","MAE","R2","Selected","n_test"
1,1000,"THCM","Ridge",0.263050125479421,0.184751323943058,0.732426345891946,1000,46
1,1000,"ICM","Ridge",0.380894408324261,0.270568176017649,0.538025586416316,1000,89
1,1000,"THCM","LASSO",0.206444444516892,0.150650715234502,0.835194111951769,87,46
1,1000,"ICM","LASSO",0.336134743535581,0.234667534041185,0.640221226219465,87,89
1,1000,"THCM","ENET",0.226124825267916,0.161669771326637,0.802274441211329,66,46
1,1000,"ICM","ENET",0.33781282825784,0.236681833721354,0.636620013917576,66,89
1,1000,"THCM","MM-RWAL",0.485979460534426,0.344241150075849,0.0867237744643956,1,46
1,1000,"ICM","MM-RWAL",0.54318787557784,0.398063470137612,0.0604738686811142,1,89
1,1000,"THCM","RAENR-MM",0.294688529482715,0.197733104810531,0.664190648359166,26,46
1,1000,"ICM","RAENR-MM",0.376398550626004,0.260658565404525,0.548866982320062,26,89
2,1000,"THCM","Ridge",0.261307486947028,0.2029303601692,0.557738052859306,1000,43
2,1000,"ICM","Ridge",0.357821373717798,0.258545451295067,0.528576899521623,1000,89
2,1000,"THCM","LASSO",0.311605650301441,0.250649951562261,0.371092874515585,49,43
2,1000,"ICM","LASSO",0.410226346727531,0.304206362587624,0.380380037229588,49,89
2,1000,"THCM","ENET",0.302048764049131,0.242265085295379,0.409078225778305,52,43
2,1000,"ICM","ENET",0.396321988013189,0.292914372322535,0.42167144262567,52,89
2,1000,"THCM","MM-RWAL",0.311650394055687,0.23699966022977,0.370912250793651,11,43
2,1000,"ICM","MM-RWAL",0.438754224418451,0.313029719898446,0.291204544456166,11,89
2,1000,"THCM","RAENR-MM",0.272472793708827,0.210688852197003,0.519136119872985,39,43
2,1000,"ICM","RAENR-MM",0.386064564692894,0.265789733736266,0.45122011405885,39,89
3,1000,"THCM","Ridge",0.257429654579544,0.162120543390354,0.608127478072034,1000,38
3,1000,"ICM","Ridge",0.381791672117723,0.270365265753128,0.413061778792088,1000,89
3,1000,"THCM","LASSO",0.282917446539069,0.179003854197385,0.526688427223075,69,38
3,1000,"ICM","LASSO",0.352765129578879,0.251314599313374,0.498915709266646,69,89
3,1000,"THCM","ENET",0.279507390818718,0.182268403324183,0.538029486770916,89,38
3,1000,"ICM","ENET",0.351076792162254,0.249650353792405,0.503700620276813,89,89
3,1000,"THCM","MM-RWAL",0.308340562757398,0.224389902323877,0.437802402499939,3,38
3,1000,"ICM","MM-RWAL",0.384790811647355,0.288823186054251,0.403804250415592,3,89
3,1000,"THCM","RAENR-MM",0.268289772789516,0.16958771333016,0.574366404947158,51,38
3,1000,"ICM","RAENR-MM",0.376627792339076,0.275438199129126,0.428831538749017,51,89
4,1000,"THCM","Ridge",0.310830172293689,0.224598238508932,0.667372710447702,1000,56
4,1000,"ICM","Ridge",0.38330274362924,0.276649513497087,0.559574651774343,1000,89
4,1000,"THCM","LASSO",0.272421580720028,0.196092522056624,0.744497851881456,88,56
4,1000,"ICM","LASSO",0.357931483670259,0.262306118819476,0.615949573378362,88,89
4,1000,"THCM","ENET",0.302583316882492,0.216623314285027,0.68478890393767,219,56
4,1000,"ICM","ENET",0.374571624848898,0.273508908185731,0.579410718772043,219,89
4,1000,"THCM","MM-RWAL",0.381825574428902,0.276231838447836,0.498071834990761,1,56
4,1000,"ICM","MM-RWAL",0.438798711791057,0.329908076754127,0.422809547788787,1,89
4,1000,"THCM","RAENR-MM",0.307621512004081,0.210535667814779,0.674204603429377,38,56
4,1000,"ICM","RAENR-MM",0.378404231996678,0.269704626364624,0.570759768667164,38,89
5,1000,"THCM","Ridge",0.274120173673204,0.202597417424759,0.707846571026456,1000,37
5,1000,"ICM","Ridge",0.418906824939171,0.313078881435985,0.526097487945464,1000,89
5,1000,"THCM","LASSO",0.25987220572674,0.209681010796967,0.737427852237421,32,37
5,1000,"ICM","LASSO",0.40059405365053,0.312728253193549,0.566625717625229,32,89
5,1000,"THCM","ENET",0.20086823217673,0.152478945880302,0.843125806483079,195,37
5,1000,"ICM","ENET",0.344478345116211,0.24528898137176,0.67953692847338,195,89
5,1000,"THCM","MM-RWAL",0.357524714998841,0.261452844927497,0.503017462029284,2,37
5,1000,"ICM","MM-RWAL",0.457660267154531,0.345523756145095,0.434359420885342,2,89
5,1000,"THCM","RAENR-MM",0.256170974336373,0.184031985189141,0.744853960408314,48,37
5,1000,"ICM","RAENR-MM",0.41130571139662,0.300227837948803,0.543139491266509,48,89
6,1000,"THCM","Ridge",0.272851555047662,0.185794960892137,0.685510426688414,1000,46
6,1000,"ICM","Ridge",0.384859080401997,0.259961467251472,0.457383062455623,1000,89
6,1000,"THCM","LASSO",0.243814460177332,0.183292725059736,0.748885203679355,41,46
6,1000,"ICM","LASSO",0.393792517784085,0.294269655470285,0.431899998318508,41,89
6,1000,"THCM","ENET",0.228706908811292,0.168753179934748,0.779040869215016,83,46
6,1000,"ICM","ENET",0.384267078212268,0.280229572147551,0.459051118989846,83,89
6,1000,"THCM","MM-RWAL",0.35806096705051,0.250399180437104,0.458414104794215,2,46
6,1000,"ICM","MM-RWAL",0.452294775769142,0.306367941227932,0.250566653733953,2,89
6,1000,"THCM","RAENR-MM",0.288178907892749,0.202324171327926,0.649185312910584,13,46
6,1000,"ICM","RAENR-MM",0.402698384721992,0.283801059709003,0.405913552067376,13,89
7,1000,"THCM","Ridge",0.237436803103601,0.184695590149072,0.564259042605243,1000,42
7,1000,"ICM","Ridge",0.365686412065362,0.256637027242951,0.521061449042742,1000,89
7,1000,"THCM","LASSO",0.26556092606446,0.224569362754882,0.454919482250085,55,42
7,1000,"ICM","LASSO",0.335174991962197,0.254233263413726,0.597648741249532,55,89
7,1000,"THCM","ENET",0.248594270261637,0.20959162117776,0.522344767083577,98,42
7,1000,"ICM","ENET",0.333285108131238,0.257565917295069,0.602173263706398,98,89
7,1000,"THCM","MM-RWAL",0.316427487079382,0.248960018895555,0.226107361681113,4,42
7,1000,"ICM","MM-RWAL",0.40225712893129,0.290020964148813,0.420478372657631,4,89
7,1000,"THCM","RAENR-MM",0.236414862498961,0.184229949360323,0.568001874982321,54,42
7,1000,"ICM","RAENR-MM",0.355235113486755,0.254602150034782,0.548046323207289,54,89
8,1000,"THCM","Ridge",0.187406584506965,0.138187519973819,0.744946968234202,1000,41
8,1000,"ICM","Ridge",0.367226738469328,0.249334743841519,0.345159442862333,1000,89
8,1000,"THCM","LASSO",0.177490877977357,0.136866539726497,0.771222729468664,31,41
8,1000,"ICM","LASSO",0.334315984799446,0.240616379094277,0.457273206135265,31,89
8,1000,"THCM","ENET",0.177662917462152,0.134581498191294,0.770779013158951,48,41
8,1000,"ICM","ENET",0.331801157285045,0.237124972464361,0.465407611139577,48,89
8,1000,"THCM","MM-RWAL",0.204611312024731,0.159470194396011,0.695967451956773,6,41
8,1000,"ICM","MM-RWAL",0.362175617510194,0.253301077916775,0.363049919402177,6,89
8,1000,"THCM","RAENR-MM",0.192636296088488,0.148938256983416,0.730513485457977,21,41
8,1000,"ICM","RAENR-MM",0.350337367292447,0.247395268670092,0.404008724355555,21,89
9,1000,"THCM","Ridge",0.306801726386502,0.201661438904034,0.537949446857037,1000,44
9,1000,"ICM","Ridge",0.546631442618105,0.365128127578166,0.398276671007548,1000,89
9,1000,"THCM","LASSO",0.296581385008501,0.199335930245371,0.568220842813332,60,44
9,1000,"ICM","LASSO",0.531240824432878,0.370217334307428,0.431683172295958,60,89
9,1000,"THCM","ENET",0.292136124148966,0.197481096541517,0.581067144010733,106,44
9,1000,"ICM","ENET",0.50720236299472,0.355352014079097,0.48195180129481,106,89
9,1000,"THCM","MM-RWAL",0.342315516953118,0.233523297344237,0.424789151696632,2,44
9,1000,"ICM","MM-RWAL",0.639689403526318,0.41201726353292,0.175964456145047,2,89
9,1000,"THCM","RAENR-MM",0.312052565694638,0.197606820830789,0.521998332395936,20,44
9,1000,"ICM","RAENR-MM",0.545716234233612,0.36374875139233,0.400289878375234,20,89
10,1000,"THCM","Ridge",0.193692298633025,0.164272119838456,0.645707599355502,1000,44
10,1000,"ICM","Ridge",0.326287604370145,0.245983257491427,0.35531854846078,1000,89
10,1000,"THCM","LASSO",0.20269359159958,0.168131617102186,0.61201300636873,135,44
10,1000,"ICM","LASSO",0.316081656792487,0.24258638348916,0.395017780763775,135,89
10,1000,"THCM","ENET",0.193868454091503,0.163297554818311,0.64506287655892,86,44
10,1000,"ICM","ENET",0.287069470405813,0.222217916952861,0.500979897946312,86,89
10,1000,"THCM","MM-RWAL",0.201117464694678,0.166436700144729,0.618023449869935,3,44
10,1000,"ICM","MM-RWAL",0.328567108081292,0.253290986580432,0.346279363247599,3,89
10,1000,"THCM","RAENR-MM",0.18621612894551,0.151099154452336,0.672529849506015,22,44
10,1000,"ICM","RAENR-MM",0.294581646528631,0.221571921958252,0.474520963379773,22,89
11,1000,"THCM","Ridge",0.26616868178007,0.19590079652,0.473560550728702,1000,38
11,1000,"ICM","Ridge",0.367302374678831,0.266053918412441,0.388606351808454,1000,89
11,1000,"THCM","LASSO",0.282500270207847,0.208271678225883,0.406976021963296,35,38
11,1000,"ICM","LASSO",0.355845043620651,0.268782690926514,0.426154087529518,35,89
11,1000,"THCM","ENET",0.282396607614249,0.201339895445891,0.407411158713169,106,38
11,1000,"ICM","ENET",0.365857657075119,0.274699226486031,0.393406506089585,106,89
11,1000,"THCM","MM-RWAL",0.242122700350991,0.175903435416705,0.564382281207408,3,38
11,1000,"ICM","MM-RWAL",0.359296507745308,0.250580258505565,0.414968241783481,3,89
11,1000,"THCM","RAENR-MM",0.27659660246328,0.200816990685546,0.431502968776643,26,38
11,1000,"ICM","RAENR-MM",0.361863190887929,0.260511865748736,0.406579879921608,26,89
12,1000,"THCM","Ridge",0.255533692072873,0.193873794275525,0.491738066477994,1000,50
12,1000,"ICM","Ridge",0.352954797171667,0.263247672876178,0.400508195021403,1000,89
12,1000,"THCM","LASSO",0.241306160059345,0.192246210578361,0.54676017635438,172,50
12,1000,"ICM","LASSO",0.33308042608567,0.249519057765614,0.466120437563417,172,89
12,1000,"THCM","ENET",0.239942098952507,0.19054046911989,0.55186986269908,160,50
12,1000,"ICM","ENET",0.329782839449411,0.246301868861963,0.476639214348042,160,89
12,1000,"THCM","MM-RWAL",0.329074936859286,0.258115384554701,0.157090676285906,2,50
12,1000,"ICM","MM-RWAL",0.397274281102515,0.307808739719673,0.240503155839209,2,89
12,1000,"THCM","RAENR-MM",0.250074867629674,0.188099442952329,0.513221554286357,20,50
12,1000,"ICM","RAENR-MM",0.348697070429416,0.254983448692129,0.414884409506214,20,89
13,1000,"THCM","Ridge",0.270539907690213,0.200074819623195,0.691636767971374,1000,35
13,1000,"ICM","Ridge",0.45064750589684,0.316496245200247,0.390223694377858,1000,89
13,1000,"THCM","LASSO",0.230797576046489,0.186250064522514,0.775579564602683,71,35
13,1000,"ICM","LASSO",0.387456529070942,0.275535844177895,0.54924290802878,71,89
13,1000,"THCM","ENET",0.226617155354246,0.177836279526634,0.783635761090923,103,35
13,1000,"ICM","ENET",0.3830789205792,0.277877412999029,0.559370965176276,103,89
13,1000,"THCM","MM-RWAL",0.347817482661902,0.25458800233624,0.490313971303434,2,35
13,1000,"ICM","MM-RWAL",0.459061227569884,0.324072853995642,0.367241732144687,2,89
13,1000,"THCM","RAENR-MM",0.250791681270396,0.194352541681544,0.735012024142345,92,35
13,1000,"ICM","RAENR-MM",0.444812687656906,0.337528350265054,0.40591178963597,92,89
14,1000,"THCM","Ridge",0.309326777649373,0.234070817258588,0.648778212008198,1000,53
14,1000,"ICM","Ridge",0.50826038715399,0.328213572774569,0.436740002783263,1000,89
14,1000,"THCM","LASSO",0.271647351778521,0.204629226028206,0.729132209140175,88,53
14,1000,"ICM","LASSO",0.495826592806652,0.305791452698112,0.463961461770798,88,89
14,1000,"THCM","ENET",0.286469122471342,0.217769992309984,0.698767344695885,58,53
14,1000,"ICM","ENET",0.514259618894593,0.310429738231693,0.423364693441536,58,89
14,1000,"THCM","MM-RWAL",0.354085849520969,0.261890141593147,0.539782046307216,2,53
14,1000,"ICM","MM-RWAL",0.587563861189822,0.350909882982097,0.247257330105973,2,89
14,1000,"THCM","RAENR-MM",0.349592186979604,0.260907104880428,0.551389069861313,8,53
14,1000,"ICM","RAENR-MM",0.552129639118758,0.339692085697411,0.335310978866143,8,89
15,1000,"THCM","Ridge",0.280726926155682,0.193825704239688,0.678853602808738,1000,43
15,1000,"ICM","Ridge",0.459913659926485,0.310653248086256,0.489782497250038,1000,89
15,1000,"THCM","LASSO",0.230551567138676,0.186910062142161,0.783393706581954,60,43
15,1000,"ICM","LASSO",0.465937306554377,0.313618368111977,0.476329987796549,60,89
15,1000,"THCM","ENET",0.238113321330135,0.189816441901349,0.768951954429496,49,43
15,1000,"ICM","ENET",0.471605629895015,0.316331710714463,0.463511153982118,49,89
15,1000,"THCM","MM-RWAL",0.326533866454419,0.221897126442518,0.565498404931019,4,43
15,1000,"ICM","MM-RWAL",0.560410734684776,0.357723892950447,0.242442457625359,4,89
15,1000,"THCM","RAENR-MM",0.30736531807213,0.197321286037154,0.615014265570983,15,43
15,1000,"ICM","RAENR-MM",0.498748368820675,0.332085503113978,0.399980020395268,15,89
16,1000,"THCM","Ridge",0.336259300145038,0.231242983788311,0.581171586143807,1000,46
16,1000,"ICM","Ridge",0.43934159672423,0.311947554771814,0.424947501963276,1000,89
16,1000,"THCM","LASSO",0.298050648305418,0.201136290229296,0.670945625118847,139,46
16,1000,"ICM","LASSO",0.390027759392569,0.272196407570007,0.546795845428342,139,89
16,1000,"THCM","ENET",0.317775155705183,0.228010674561966,0.625951938816558,61,46
16,1000,"ICM","ENET",0.415021416707964,0.296030583384263,0.48685055521739,61,89
16,1000,"THCM","MM-RWAL",0.38603326701419,0.277261210346942,0.448002650786813,6,46
16,1000,"ICM","MM-RWAL",0.478850820787576,0.34492341542739,0.316870062063118,6,89
16,1000,"THCM","RAENR-MM",0.350619011714147,0.238741120662813,0.544636254992655,35,46
16,1000,"ICM","RAENR-MM",0.449432180735915,0.309765648986546,0.398229106020544,35,89
17,1000,"THCM","Ridge",0.335752172256082,0.244656306474603,0.61802453450382,1000,54
17,1000,"ICM","Ridge",0.532540281444969,0.335057954286748,0.451129630429154,1000,89
17,1000,"THCM","LASSO",0.31934498118457,0.245818939497138,0.654444351111452,61,54
17,1000,"ICM","LASSO",0.558382783336176,0.341288406938361,0.396567221019949,61,89
17,1000,"THCM","ENET",0.309124583947452,0.234317579638636,0.676208908186698,113,54
17,1000,"ICM","ENET",0.5316643581145,0.327766347575411,0.452933711714501,113,89
17,1000,"THCM","MM-RWAL",0.488904251446279,0.337064217087372,0.190073825771945,1,54
17,1000,"ICM","MM-RWAL",0.689976254285505,0.429256326363749,0.0786319492587,1,89
17,1000,"THCM","RAENR-MM",0.361560494686715,0.246354586885241,0.557044855102267,10,54
17,1000,"ICM","RAENR-MM",0.585616594377263,0.354614745693063,0.336269754172567,10,89
18,1000,"THCM","Ridge",0.272711736967881,0.214455459561827,0.671351759241274,1000,38
18,1000,"ICM","Ridge",0.50022788751425,0.304647627365753,0.409177445452473,1000,89
18,1000,"THCM","LASSO",0.272008287471278,0.226158258277611,0.673045043677863,96,38
18,1000,"ICM","LASSO",0.528653558154184,0.321908533850862,0.340122096919598,96,89
18,1000,"THCM","ENET",0.262703912418197,0.217586050794503,0.695030270673016,89,38
18,1000,"ICM","ENET",0.532724896645448,0.322354485502929,0.329919076751892,89,89
18,1000,"THCM","MM-RWAL",0.283685202182152,0.209899381623548,0.644371123647778,4,38
18,1000,"ICM","MM-RWAL",0.58139679631645,0.326318397001051,0.201883048390578,4,89
18,1000,"THCM","RAENR-MM",0.253738823965328,0.192457688421492,0.715490024561166,40,38
18,1000,"ICM","RAENR-MM",0.527950679847277,0.307713990550374,0.341875629157168,40,89
19,1000,"THCM","Ridge",0.32108360501823,0.221421092007497,0.61263029020312,1000,43
19,1000,"ICM","Ridge",0.417484518049206,0.299108215940927,0.477325412524972,1000,89
19,1000,"THCM","LASSO",0.278623125802904,0.195977970438655,0.70830853770027,53,43
19,1000,"ICM","LASSO",0.38494137993192,0.28608735632619,0.55563501185115,53,89
19,1000,"THCM","ENET",0.286960956573378,0.203722512674154,0.690589519597078,46,43
19,1000,"ICM","ENET",0.387786147875685,0.289533414699783,0.549042910665471,46,89
19,1000,"THCM","MM-RWAL",0.382500646023602,0.254635922536356,0.450264550320063,6,43
19,1000,"ICM","MM-RWAL",0.444957345050744,0.326876581775933,0.406272184032886,6,89
19,1000,"THCM","RAENR-MM",0.381698976386801,0.247685089119786,0.452566477872526,7,43
19,1000,"ICM","RAENR-MM",0.443488209803689,0.322427071234244,0.410186386016512,7,89
20,1000,"THCM","Ridge",0.286907066528586,0.209826019906848,0.603055314433274,1000,39
20,1000,"ICM","Ridge",0.520306525925364,0.340378366702389,0.373872823230805,1000,89
20,1000,"THCM","LASSO",0.24152988388155,0.185412241132856,0.71868735972003,94,39
20,1000,"ICM","LASSO",0.4737485101216,0.30425698025449,0.480913513660908,94,89
20,1000,"THCM","ENET",0.244372960611487,0.187086466526212,0.712025652772617,84,39
20,1000,"ICM","ENET",0.483350576257385,0.307644256532459,0.459658293730424,84,89
20,1000,"THCM","MM-RWAL",0.343191008560206,0.237188216257184,0.432037968717546,1,39
20,1000,"ICM","MM-RWAL",0.590443280955257,0.35795217782225,0.193693096608367,1,89
20,1000,"THCM","RAENR-MM",0.261558464569088,0.20319570208619,0.670097915080432,35,39
20,1000,"ICM","RAENR-MM",0.502015454385739,0.315172371498012,0.417121303899862,35,89
21,1000,"THCM","Ridge",0.176545119627033,0.146864318113283,0.707548024888644,1000,37
21,1000,"ICM","Ridge",0.472190913612297,0.299505855105234,0.427035794910256,1000,89
21,1000,"THCM","LASSO",0.189971070753944,0.148632627282278,0.661375741615231,91,37
21,1000,"ICM","LASSO",0.442527614755863,0.280823105647124,0.496762503190784,91,89
21,1000,"THCM","ENET",0.186599877707025,0.146856147486022,0.673287436497693,104,37
21,1000,"ICM","ENET",0.445899105690263,0.282712158155621,0.489065248660478,104,89
21,1000,"THCM","MM-RWAL",0.225018675562484,0.192134861108635,0.524905225170845,2,37
21,1000,"ICM","MM-RWAL",0.512683656881377,0.324778750331146,0.324553140925119,2,89
21,1000,"THCM","RAENR-MM",0.186865314918334,0.150444532453873,0.672357282058664,30,37
21,1000,"ICM","RAENR-MM",0.481279069018247,0.300946882935223,0.404768112966296,30,89
22,1000,"THCM","Ridge",0.171199677298934,0.137917120349331,0.639897704062019,1000,42
22,1000,"ICM","Ridge",0.541821232136819,0.323639523050893,0.405712551891918,1000,89
22,1000,"THCM","LASSO",0.1614488029507,0.129831985723311,0.679749611288205,174,42
22,1000,"ICM","LASSO",0.533805992889501,0.334666483255588,0.42316525877302,174,89
22,1000,"THCM","ENET",0.158617034863768,0.127683591726934,0.690885298208531,117,42
22,1000,"ICM","ENET",0.544460698378685,0.330249974034926,0.399908340973385,117,89
22,1000,"THCM","MM-RWAL",0.206663452182798,0.168055035343089,0.475256139108553,2,42
22,1000,"ICM","MM-RWAL",0.6003001768631,0.349530662184531,0.270506441871485,2,89
22,1000,"THCM","RAENR-MM",0.149144061834241,0.126052676836095,0.726704840217642,13,42
22,1000,"ICM","RAENR-MM",0.559565473677347,0.328007623029939,0.366150228448945,13,89
23,1000,"THCM","Ridge",0.264416422740017,0.204317271966356,0.599446985871178,1000,48
23,1000,"ICM","Ridge",0.548706656602825,0.352202565730148,0.455030773253392,1000,89
23,1000,"THCM","LASSO",0.249617790889191,0.193610856688206,0.643027941165067,49,48
23,1000,"ICM","LASSO",0.525349901887519,0.337366417390463,0.5004386476966,49,89
23,1000,"THCM","ENET",0.250184673575085,0.1952598748872,0.641404731054206,51,48
23,1000,"ICM","ENET",0.523414804438473,0.337796858743869,0.504112083256716,51,89
23,1000,"THCM","MM-RWAL",0.283730513490685,0.199832857939813,0.538793689048143,7,48
23,1000,"ICM","MM-RWAL",0.610968534204397,0.361466031628903,0.324338443086247,7,89
23,1000,"THCM","RAENR-MM",0.258058028072239,0.201702987308515,0.618479479481554,45,48
23,1000,"ICM","RAENR-MM",0.540396027075153,0.358584698606814,0.47141380498766,45,89
24,1000,"THCM","Ridge",0.199840423849293,0.154989384059481,0.4870190048469,1000,52
24,1000,"ICM","Ridge",0.386673525872545,0.256003706464693,0.480428690033549,1000,89
24,1000,"THCM","LASSO",0.201549907496813,0.151528468930848,0.478205138729774,111,52
24,1000,"ICM","LASSO",0.374524051066107,0.256260140985621,0.512566123223395,111,89
24,1000,"THCM","ENET",0.20709363376498,0.153943480761102,0.449105941465443,72,52
24,1000,"ICM","ENET",0.361298287657129,0.250699873526262,0.54638428541797,72,89
24,1000,"THCM","MM-RWAL",0.194329383913373,0.158807693268171,0.514922043785912,4,52
24,1000,"ICM","MM-RWAL",0.4139465713139,0.258793538848956,0.404550596854152,4,89
24,1000,"THCM","RAENR-MM",0.193789309028815,0.153702100135695,0.517614527797551,27,52
24,1000,"ICM","RAENR-MM",0.366317252443415,0.25232471502802,0.53369397050233,27,89
25,1000,"THCM","Ridge",0.258214650469534,0.177542982506799,0.642258301804861,1000,43
25,1000,"ICM","Ridge",0.421116019206979,0.286849530034793,0.520736732362098,1000,89
25,1000,"THCM","LASSO",0.243159378606014,0.178697919024125,0.682758601936949,72,43
25,1000,"ICM","LASSO",0.421228878311823,0.29694180197196,0.52047981280141,72,89
25,1000,"THCM","ENET",0.238153664985055,0.175004344278459,0.695685711700577,99,43
25,1000,"ICM","ENET",0.411304355266431,0.290839601382166,0.542809459077078,99,89
25,1000,"THCM","MM-RWAL",0.369892417448452,0.265399137769395,0.265894187600238,1,43
25,1000,"ICM","MM-RWAL",0.549756850585828,0.368755057932322,0.183207164478744,1,89
25,1000,"THCM","RAENR-MM",0.26297388033236,0.17158466404404,0.628949488388262,28,43
25,1000,"ICM","RAENR-MM",0.448910956163133,0.296782709463688,0.455383205219603,28,89
26,1000,"THCM","Ridge",0.273265897270095,0.188498817580609,0.670318096234224,1000,46
26,1000,"ICM","Ridge",0.579037135581504,0.350963445507579,0.409561703066638,1000,89
26,1000,"THCM","LASSO",0.254130837425263,0.197307232502552,0.714872588390247,48,46
26,1000,"ICM","LASSO",0.556744346247126,0.335540044748037,0.454149999488006,48,89
26,1000,"THCM","ENET",0.230870869089064,0.17765110660114,0.764678010171674,103,46
26,1000,"ICM","ENET",0.521510886028823,0.322900202429505,0.521051915381546,103,89
26,1000,"THCM","MM-RWAL",0.36598787123667,0.252051346267237,0.408632268979051,3,46
26,1000,"ICM","MM-RWAL",0.645606785519074,0.372210155316008,0.265996963187572,3,89
26,1000,"THCM","RAENR-MM",0.243336290663177,0.183254608155304,0.738580485672685,96,46
26,1000,"ICM","RAENR-MM",0.523334294351093,0.343388985147598,0.517696876477084,96,89
27,1000,"THCM","Ridge",0.19492818389397,0.148958759810011,0.616722354211486,1000,46
27,1000,"ICM","Ridge",0.334095171471954,0.234137617051148,0.383836892466052,1000,89
27,1000,"THCM","LASSO",0.234608978000908,0.191134274577838,0.444794867237167,153,46
27,1000,"ICM","LASSO",0.342111093084422,0.264995732028896,0.353915076670796,153,89
27,1000,"THCM","ENET",0.225251454886827,0.181883864805454,0.488201007501967,106,46
27,1000,"ICM","ENET",0.331907257221638,0.256895695851837,0.391880695051159,106,89
27,1000,"THCM","MM-RWAL",0.255623615281373,0.206995742291831,0.340877461169428,6,46
27,1000,"ICM","MM-RWAL",0.363301916872702,0.270408255507748,0.271397474649219,6,89
27,1000,"THCM","RAENR-MM",0.209972595400505,0.163112276011852,0.555277144069653,45,46
27,1000,"ICM","RAENR-MM",0.342445699527421,0.249526607642464,0.352650634193533,45,89
28,1000,"THCM","Ridge",0.218436257322666,0.156256409120084,0.659453402304939,1000,45
28,1000,"ICM","Ridge",0.380950991803235,0.259801752519012,0.463751474372061,1000,89
28,1000,"THCM","LASSO",0.233902700644675,0.173188895106938,0.609521105899988,47,45
28,1000,"ICM","LASSO",0.38029031867816,0.265432793257211,0.46560986447139,47,89
28,1000,"THCM","ENET",0.228933427003244,0.169877193638486,0.625936346634466,57,45
28,1000,"ICM","ENET",0.378682311719708,0.262421616510414,0.4701195050806,57,89
28,1000,"THCM","MM-RWAL",0.242325058455507,0.173958801894116,0.580894129058249,9,45
28,1000,"ICM","MM-RWAL",0.398705954701322,0.250445142309834,0.412600817443513,9,89
28,1000,"THCM","RAENR-MM",0.213731583824117,0.161821928667681,0.673964792766146,42,45
28,1000,"ICM","RAENR-MM",0.384522289345167,0.254512537707183,0.453650018637712,42,89
29,1000,"THCM","Ridge",0.266345731342282,0.193377636211234,0.679988032897813,1000,47
29,1000,"ICM","Ridge",0.45754531776433,0.294113353673659,0.487769779227353,1000,89
29,1000,"THCM","LASSO",0.260615413575965,0.191553631186871,0.693609755676595,54,47
29,1000,"ICM","LASSO",0.508642398150314,0.328964461923977,0.366973219941768,54,89
29,1000,"THCM","ENET",0.252846034610159,0.186685247482451,0.711605461477345,69,47
29,1000,"ICM","ENET",0.480791338864625,0.315917670664784,0.434398909874756,69,89
29,1000,"THCM","MM-RWAL",0.312255320170141,0.228071610139925,0.56016029536582,4,47
29,1000,"ICM","MM-RWAL",0.576390250596508,0.362633366592075,0.1871129230014,4,89
29,1000,"THCM","RAENR-MM",0.29427378534737,0.203023601526081,0.609358940418497,6,47
29,1000,"ICM","RAENR-MM",0.531291511167621,0.334623711871353,0.309342518547434,6,89
30,1000,"THCM","Ridge",0.270607301350331,0.194103870052974,0.658798949345424,1000,47
30,1000,"ICM","Ridge",0.377685782237646,0.258946794644918,0.483013827372691,1000,89
30,1000,"THCM","LASSO",0.256253303451576,0.183938955658689,0.694036031879362,142,47
30,1000,"ICM","LASSO",0.303318776230764,0.220774618873167,0.666561114989053,142,89
30,1000,"THCM","ENET",0.25832947341102,0.182450226823694,0.689058093820086,181,47
30,1000,"ICM","ENET",0.303652898935951,0.221217470264844,0.665826106984744,181,89
30,1000,"THCM","MM-RWAL",0.320084711093634,0.251819848535706,0.522623319486527,2,47
30,1000,"ICM","MM-RWAL",0.420814588333886,0.285347093839501,0.358200715033502,2,89
30,1000,"THCM","RAENR-MM",0.248478586271206,0.173682488124567,0.712320262227667,36,47
30,1000,"ICM","RAENR-MM",0.336923523268454,0.224811904889506,0.588584810472874,36,89
31,1000,"THCM","Ridge",0.251949867599632,0.175855159222069,0.692705946490473,1000,44
31,1000,"ICM","Ridge",0.395605882939378,0.274303743148721,0.494123737744514,1000,89
31,1000,"THCM","LASSO",0.224558722633345,0.168771586952285,0.755889901619876,86,44
31,1000,"ICM","LASSO",0.390964626739698,0.272245573673902,0.505924009814215,86,89
31,1000,"THCM","ENET",0.223259517171142,0.168013717278368,0.75870637404549,91,44
31,1000,"ICM","ENET",0.384057159974353,0.26744101452336,0.523228210124153,91,89
31,1000,"THCM","MM-RWAL",0.311592928036017,0.210742440313087,0.529996521793177,2,44
31,1000,"ICM","MM-RWAL",0.460374505640986,0.31591074020019,0.314919904512862,2,89
31,1000,"THCM","RAENR-MM",0.267153982744575,0.171413708941332,0.654499091729569,21,44
31,1000,"ICM","RAENR-MM",0.398468307755538,0.262766670093787,0.48677667095927,21,89
32,1000,"THCM","Ridge",0.221305863146207,0.165385518820514,0.721859143604786,1000,53
32,1000,"ICM","Ridge",0.458598596177509,0.299410793021543,0.47525115863291,1000,89
32,1000,"THCM","LASSO",0.227187204753206,0.176895015678766,0.706879168638343,74,53
32,1000,"ICM","LASSO",0.425933060643716,0.270280373462206,0.54734351314281,74,89
32,1000,"THCM","ENET",0.225024640967901,0.173030124637488,0.712432963162364,59,53
32,1000,"ICM","ENET",0.429307135322387,0.266593086525653,0.540143573738016,59,89
32,1000,"THCM","MM-RWAL",0.283984891924906,0.21426572838383,0.541995843215479,4,53
32,1000,"ICM","MM-RWAL",0.499008637998107,0.302259146833291,0.378698827316074,4,89
32,1000,"THCM","RAENR-MM",0.242344035443693,0.173806760176134,0.666463307184778,16,53
32,1000,"ICM","RAENR-MM",0.460154940164662,0.277605244057499,0.471683439460075,16,89
33,1000,"THCM","Ridge",0.282224310994459,0.184103963214577,0.692331073865454,1000,47
33,1000,"ICM","Ridge",0.493616943640802,0.320859475456364,0.442269214690212,1000,89
33,1000,"THCM","LASSO",0.25350846309471,0.179572615514604,0.751755452982199,121,47
33,1000,"ICM","LASSO",0.45766176645928,0.315331563498299,0.520560551791738,121,89
33,1000,"THCM","ENET",0.245699411014029,0.175649694883233,0.766813704227034,109,47
33,1000,"ICM","ENET",0.449657176140523,0.306079663387411,0.537184860196165,109,89
33,1000,"THCM","MM-RWAL",0.363193274344065,0.23486858411123,0.490469262482779,3,47
33,1000,"ICM","MM-RWAL",0.530907194275734,0.3336204615863,0.354818775073772,3,89
33,1000,"THCM","RAENR-MM",0.293556765807599,0.182221391279617,0.667126684715255,40,47
33,1000,"ICM","RAENR-MM",0.468395681854043,0.303092002610267,0.497807450680239,40,89
34,1000,"THCM","Ridge",0.237116895854455,0.177993847235431,0.674850824708373,1000,46
34,1000,"ICM","Ridge",0.425213081637127,0.291805525393378,0.411829356274885,1000,89
34,1000,"THCM","LASSO",0.204887677295324,0.163011449299392,0.757233177944824,174,46
34,1000,"ICM","LASSO",0.411275992093034,0.280220113096772,0.449754084155953,174,89
34,1000,"THCM","ENET",0.200772942318974,0.161864995961026,0.766886179427429,126,46
34,1000,"ICM","ENET",0.386237452360837,0.270764428022879,0.514712753566245,126,89
34,1000,"THCM","MM-RWAL",0.259943588292289,0.190614461165681,0.609234805245095,2,46
34,1000,"ICM","MM-RWAL",0.428588747943677,0.298356824092876,0.402453591554297,2,89
34,1000,"THCM","RAENR-MM",0.254547851496326,0.181671172651851,0.625288927464307,12,46
34,1000,"ICM","RAENR-MM",0.407826331775607,0.282571924425813,0.458945969560781,12,89
35,1000,"THCM","Ridge",0.282677787983802,0.2138018221171,0.584097108247623,1000,34
35,1000,"ICM","Ridge",0.467892406460287,0.328982361330162,0.401563072618016,1000,89
35,1000,"THCM","LASSO",0.248257605323449,0.193868180637862,0.679215263664232,24,34
35,1000,"ICM","LASSO",0.46272254555034,0.315086224964222,0.41471457219821,24,89
35,1000,"THCM","ENET",0.224952966207775,0.172924110123592,0.736614404503613,98,34
35,1000,"ICM","ENET",0.434783109860017,0.29673596516558,0.483260429811748,98,89
35,1000,"THCM","MM-RWAL",0.355039468760531,0.24276666344962,0.343912381858854,1,34
35,1000,"ICM","MM-RWAL",0.528576104356209,0.35846839014711,0.236267200845615,1,89
35,1000,"THCM","RAENR-MM",0.26463731566957,0.198096938671392,0.635488917602009,32,34
35,1000,"ICM","RAENR-MM",0.455034831944061,0.313802792062242,0.434000985565138,32,89
36,1000,"THCM","Ridge",0.245468021672495,0.185136870444993,0.598512514829527,1000,39
36,1000,"ICM","Ridge",0.56785635178293,0.340561655943757,0.408187949983597,1000,89
36,1000,"THCM","LASSO",0.218673186543865,0.170074885254365,0.681379852267798,63,39
36,1000,"ICM","LASSO",0.547094141374585,0.342716220159988,0.450672986870011,63,89
36,1000,"THCM","ENET",0.21774777464301,0.169158352764192,0.684070908972796,71,39
36,1000,"ICM","ENET",0.54377841788989,0.339221992600984,0.457311321645157,71,89
36,1000,"THCM","MM-RWAL",0.287168462195264,0.203918556369236,0.450515239088337,3,39
36,1000,"ICM","MM-RWAL",0.594812200484715,0.36180710725506,0.350668362370346,3,89
36,1000,"THCM","RAENR-MM",0.240755967950914,0.173287835939837,0.613778638740622,23,39
36,1000,"ICM","RAENR-MM",0.584451871586102,0.346192007832421,0.373091244698609,23,89
37,1000,"THCM","Ridge",0.231843056706248,0.169132135217894,0.702131059770259,1000,53
37,1000,"ICM","Ridge",0.382500690148015,0.263120314958839,0.563291897697653,1000,89
37,1000,"THCM","LASSO",0.236520030594944,0.186743230519039,0.689992011525072,48,53
37,1000,"ICM","LASSO",0.363606218990523,0.258280016363021,0.605370625971362,48,89
37,1000,"THCM","ENET",0.234689388164746,0.181207192024939,0.694772304549586,118,53
37,1000,"ICM","ENET",0.381207970810836,0.254035983543918,0.566238752680696,118,89
37,1000,"THCM","MM-RWAL",0.256514006671276,0.213096253302758,0.635364288009799,6,53
37,1000,"ICM","MM-RWAL",0.414392021319781,0.293743480024518,0.487434261503914,6,89
37,1000,"THCM","RAENR-MM",0.228510603334243,0.170939809521883,0.710632504073974,16,53
37,1000,"ICM","RAENR-MM",0.377979102655618,0.25897440672611,0.573555632469664,16,89
38,1000,"THCM","Ridge",0.236058351470265,0.158230597588705,0.690872075950319,1000,51
38,1000,"ICM","Ridge",0.443415193075304,0.276012583626063,0.499778739809451,1000,89
38,1000,"THCM","LASSO",0.255887111170196,0.189863664763498,0.636757780726708,27,51
38,1000,"ICM","LASSO",0.475962651834879,0.294059573844297,0.423649389044957,27,89
38,1000,"THCM","ENET",0.238317109820073,0.171999631939208,0.684927902354931,103,51
38,1000,"ICM","ENET",0.423409137493369,0.269679737521645,0.543898543430252,103,89
38,1000,"THCM","MM-RWAL",0.340996614540657,0.244342000418754,0.354940712998619,1,51
38,1000,"ICM","MM-RWAL",0.557495008783509,0.350209621002151,0.209279544604986,1,89
38,1000,"THCM","RAENR-MM",0.263331849457066,0.17007777150469,0.615314092899044,16,51
38,1000,"ICM","RAENR-MM",0.480825776404203,0.284010054480833,0.411811553150483,16,89
39,1000,"THCM","Ridge",0.23284116681579,0.164064188430728,0.730538685097664,1000,38
39,1000,"ICM","Ridge",0.395637111839063,0.283114513662883,0.473847846758792,1000,89
39,1000,"THCM","LASSO",0.194260587072079,0.147237242123751,0.812437382630641,63,38
39,1000,"ICM","LASSO",0.374839145259999,0.270602912754479,0.527711703012248,63,89
39,1000,"THCM","ENET",0.209596723826557,0.158116541091448,0.78165368301936,35,38
39,1000,"ICM","ENET",0.379124010240343,0.277765831895236,0.516852334497248,35,89
39,1000,"THCM","MM-RWAL",0.26524664074265,0.188565992147122,0.650315263861509,2,38
39,1000,"ICM","MM-RWAL",0.411202157566655,0.294836777556486,0.431634018908404,2,89
39,1000,"THCM","RAENR-MM",0.21766709413948,0.153709450734128,0.76451543313645,33,38
39,1000,"ICM","RAENR-MM",0.384018380213707,0.272949592170746,0.504297248848643,33,89
40,1000,"THCM","Ridge",0.198401557653162,0.135048644917256,0.61274454499075,1000,41
40,1000,"ICM","Ridge",0.533458857948788,0.332304812419278,0.429597893014762,1000,89
40,1000,"THCM","LASSO",0.219873615393699,0.163877573428301,0.524387101213723,116,41
40,1000,"ICM","LASSO",0.491452960004832,0.312176238007563,0.515890985502893,116,89
40,1000,"THCM","ENET",0.211981915405647,0.160773219495107,0.557915780126756,87,41
40,1000,"ICM","ENET",0.510839235548745,0.320128251896812,0.476944525484483,87,89
40,1000,"THCM","MM-RWAL",0.233614895295287,0.18088622340337,0.463081400083411,3,41
40,1000,"ICM","MM-RWAL",0.60401362927774,0.366039102228973,0.268738454351006,3,89
40,1000,"THCM","RAENR-MM",0.204886634596595,0.1471879713603,0.58701464909943,21,41
40,1000,"ICM","RAENR-MM",0.548390594163988,0.336384827945612,0.397219417428289,21,89
41,1000,"THCM","Ridge",0.318131776327474,0.216478311829512,0.482465696004526,1000,39
41,1000,"ICM","Ridge",0.518689115986606,0.347275045194149,0.427399179768862,1000,89
41,1000,"THCM","LASSO",0.315082870289978,0.215803728581392,0.492338034390576,71,39
41,1000,"ICM","LASSO",0.488967366659349,0.329315513812477,0.491141015397981,71,89
41,1000,"THCM","ENET",0.300372095363731,0.194207092983426,0.538635463110754,107,39
41,1000,"ICM","ENET",0.469761553023706,0.316894291723874,0.530330200608036,107,89
41,1000,"THCM","MM-RWAL",0.394175044257553,0.280425681523979,0.205482822833139,3,39
41,1000,"ICM","MM-RWAL",0.59950595646011,0.398231646641026,0.2350647041771,3,89
41,1000,"THCM","RAENR-MM",0.312231551007098,0.204959336115408,0.501484560186892,31,39
41,1000,"ICM","RAENR-MM",0.503896454197373,0.338401432075129,0.459593827968481,31,89
42,1000,"THCM","Ridge",0.260841207604659,0.182742041348595,0.712500876550004,1000,45
42,1000,"ICM","Ridge",0.429801210294666,0.286115588280993,0.474000805000016,1000,89
42,1000,"THCM","LASSO",0.282287272668657,0.20152941848606,0.663281703068301,37,45
42,1000,"ICM","LASSO",0.435143445899665,0.308939632242379,0.46084367491324,37,89
42,1000,"THCM","ENET",0.251432113955521,0.185346323355574,0.732868185476753,71,45
42,1000,"ICM","ENET",0.404209661040466,0.291200523497297,0.534774844093375,71,89
42,1000,"THCM","MM-RWAL",0.372149787487285,0.248045666125739,0.41477931084368,3,45
42,1000,"ICM","MM-RWAL",0.507658422885485,0.344496658628956,0.266174154272526,3,89
42,1000,"THCM","RAENR-MM",0.285438021270846,0.194180045153797,0.655723194379287,20,45
42,1000,"ICM","RAENR-MM",0.435749369536463,0.29802665197553,0.459341112870838,20,89
43,1000,"THCM","Ridge",0.252847332683451,0.16605882066405,0.689100100069633,1000,45
43,1000,"ICM","Ridge",0.415754540836584,0.275602007668719,0.518300380503447,1000,89
43,1000,"THCM","LASSO",0.199250129847028,0.160187072608419,0.806936108731113,196,45
43,1000,"ICM","LASSO",0.391702908495983,0.262365007481855,0.572421466526205,196,89
43,1000,"THCM","ENET",0.218469095505539,0.168222510167083,0.767895345098634,123,45
43,1000,"ICM","ENET",0.396087404663133,0.254654991724574,0.562795759660511,123,89
43,1000,"THCM","MM-RWAL",0.304068979079148,0.201724200622158,0.550377474136572,8,45
43,1000,"ICM","MM-RWAL",0.50319958320833,0.300155186199187,0.294360560703062,8,89
43,1000,"THCM","RAENR-MM",0.255941007430066,0.183896788113397,0.681445621149251,52,45
43,1000,"ICM","RAENR-MM",0.448739764627934,0.280727336662412,0.438833919464189,52,89
44,1000,"THCM","Ridge",0.296373732906207,0.198122885488488,0.590008793568922,1000,63
44,1000,"ICM","Ridge",0.495401201857779,0.278410848423846,0.437398317760581,1000,89
44,1000,"THCM","LASSO",0.290482994528692,0.197788659695726,0.606144832909786,59,63
44,1000,"ICM","LASSO",0.525041538228727,0.298317353698955,0.368062333840841,59,89
44,1000,"THCM","ENET",0.285955251834956,0.203691781344155,0.618327142953717,176,63
44,1000,"ICM","ENET",0.481145431502188,0.299000073891415,0.469311535295768,176,89
44,1000,"THCM","MM-RWAL",0.35772473840035,0.244560106215527,0.402699234935253,5,63
44,1000,"ICM","MM-RWAL",0.60995763543101,0.336349088231791,0.147123282186775,5,89
44,1000,"THCM","RAENR-MM",0.307064461972478,0.197006884288446,0.559897095957035,32,63
44,1000,"ICM","RAENR-MM",0.520862103574272,0.28043404614836,0.378082989283797,32,89
45,1000,"THCM","Ridge",0.211735969604492,0.144074966877087,0.690841873303711,1000,61
45,1000,"ICM","Ridge",0.395582950088744,0.243491955162848,0.528648218491228,1000,89
45,1000,"THCM","LASSO",0.210075844721615,0.147803863271934,0.695670802988974,55,61
45,1000,"ICM","LASSO",0.383740627014899,0.231537546593837,0.556446934916699,55,89
45,1000,"THCM","ENET",0.205145130633665,0.144027315117186,0.709789040624841,86,61
45,1000,"ICM","ENET",0.373829827038834,0.23290272381275,0.579062204161247,86,89
45,1000,"THCM","MM-RWAL",0.293872400465315,0.20469408218904,0.404462677582067,1,61
45,1000,"ICM","MM-RWAL",0.503533962186644,0.292879442791323,0.236291614677886,1,89
45,1000,"THCM","RAENR-MM",0.214504746662296,0.149492349154559,0.682703561898798,33,61
45,1000,"ICM","RAENR-MM",0.408277974282672,0.238522106305637,0.497909590850296,33,89
46,1000,"THCM","Ridge",0.256404445445198,0.176167599839706,0.603466218219293,1000,43
46,1000,"ICM","Ridge",0.470799168089723,0.304949368294648,0.458787625936139,1000,89
46,1000,"THCM","LASSO",0.240730387453796,0.164598262835719,0.650464797965061,158,43
46,1000,"ICM","LASSO",0.429520862576488,0.284776087509633,0.549531040605234,158,89
46,1000,"THCM","ENET",0.253064129226213,0.172230067262302,0.61373063017609,61,43
46,1000,"ICM","ENET",0.484015222301318,0.306966059431883,0.427975823020011,61,89
46,1000,"THCM","MM-RWAL",0.279897974957167,0.20023744555301,0.527470851501032,5,43
46,1000,"ICM","MM-RWAL",0.56774978015638,0.341998476661313,0.212935555807292,5,89
46,1000,"THCM","RAENR-MM",0.256583439653409,0.170931860541248,0.602912389875605,16,43
46,1000,"ICM","RAENR-MM",0.502235569150288,0.305035948352256,0.384098477196013,16,89
47,1000,"THCM","Ridge",0.260889487084356,0.179647620125437,0.582214670869321,1000,37
47,1000,"ICM","Ridge",0.426004828531179,0.303656188158626,0.439343411348011,1000,89
47,1000,"THCM","LASSO",0.272868171765131,0.161682097550624,0.542968862389778,99,37
47,1000,"ICM","LASSO",0.421346556693576,0.297690497442792,0.451537694055249,99,89
47,1000,"THCM","ENET",0.248864810762799,0.157396470798689,0.619839481127862,196,37
47,1000,"ICM","ENET",0.413349349773531,0.303858151438665,0.472159870752572,196,89
47,1000,"THCM","MM-RWAL",0.297865803933796,0.202393286873393,0.45539537846789,7,37
47,1000,"ICM","MM-RWAL",0.436314492187917,0.292872800096652,0.41187835459146,7,89
47,1000,"THCM","RAENR-MM",0.256507155244818,0.164592031314386,0.596132416462679,16,37
47,1000,"ICM","RAENR-MM",0.399155284070937,0.274996057875788,0.507788617376452,16,89
48,1000,"THCM","Ridge",0.258056212271132,0.192466245949441,0.649410747362742,1000,42
48,1000,"ICM","Ridge",0.394854962395213,0.283368962236262,0.504444461369105,1000,89
48,1000,"THCM","LASSO",0.271235282006966,0.191793506216426,0.612686776625219,34,42
48,1000,"ICM","LASSO",0.399415943698021,0.292303429246088,0.492929987985309,34,89
48,1000,"THCM","ENET",0.269310837513557,0.186551970394108,0.618163339839772,73,42
48,1000,"ICM","ENET",0.394788585761357,0.287433110664938,0.504611056939276,73,89
48,1000,"THCM","MM-RWAL",0.29994720895727,0.228200472411688,0.526347742041596,3,42
48,1000,"ICM","MM-RWAL",0.407475529628263,0.291292562298258,0.472259773183962,3,89
48,1000,"THCM","RAENR-MM",0.256684225101604,0.179830203633059,0.6531287380611,47,42
48,1000,"ICM","RAENR-MM",0.399624433201439,0.283924331587278,0.492400482999201,47,89
49,1000,"THCM","Ridge",0.201590472118926,0.138724957211783,0.69615604360349,1000,47
49,1000,"ICM","Ridge",0.409455236124028,0.267299495492491,0.219938608130834,1000,89
49,1000,"THCM","LASSO",0.217151147750248,0.154189519248211,0.647438523052615,33,47
49,1000,"ICM","LASSO",0.361267084439928,0.253481494761104,0.392742743116982,33,89
49,1000,"THCM","ENET",0.211918961347626,0.169526420596887,0.664223550937736,164,47
49,1000,"ICM","ENET",0.397176404240002,0.280369781869899,0.266022402667412,164,89
49,1000,"THCM","MM-RWAL",0.25292412857371,0.158596426810981,0.52171019559175,8,47
49,1000,"ICM","MM-RWAL",0.384949749109208,0.25471397441816,0.310516294636753,8,89
49,1000,"THCM","RAENR-MM",0.226165475883361,0.152516110927464,0.61756007893844,20,47
49,1000,"ICM","RAENR-MM",0.370878228872981,0.250908949531749,0.360002016351179,20,89
50,1000,"THCM","Ridge",0.21305309372591,0.160612621556605,0.65144940510089,1000,37
50,1000,"ICM","Ridge",0.329397953408836,0.256382784200707,0.434755097345846,1000,89
50,1000,"THCM","LASSO",0.178763322790207,0.153785724755227,0.75461558528087,66,37
50,1000,"ICM","LASSO",0.319384149123404,0.235131546193936,0.468599965099237,66,89
50,1000,"THCM","ENET",0.153335856132964,0.125743376946249,0.819458276854464,188,37
50,1000,"ICM","ENET",0.314645888048934,0.230591397065486,0.484250301640874,188,89
50,1000,"THCM","MM-RWAL",0.271674698271319,0.211800004561421,0.433253919605545,2,37
50,1000,"ICM","MM-RWAL",0.368124335782887,0.277194698623435,0.294033783657256,2,89
50,1000,"THCM","RAENR-MM",0.222883784720929,0.162891452729086,0.618541685069953,19,37
50,1000,"ICM","RAENR-MM",0.312353887382627,0.233023042055751,0.491736769878865,19,89
51,1000,"THCM","Ridge",0.303370061985125,0.221237856371721,0.663562544163787,1000,38
51,1000,"ICM","Ridge",0.401136885851441,0.294888862536433,0.504443397740562,1000,89
51,1000,"THCM","LASSO",0.274218142886392,0.203175929893104,0.725114855460345,89,38
51,1000,"ICM","LASSO",0.381724722148898,0.280305831632383,0.551245677679558,89,89
51,1000,"THCM","ENET",0.274043873512582,0.20085995818457,0.725464130965327,120,38
51,1000,"ICM","ENET",0.383599546152628,0.2823870585391,0.546826778839767,120,89
51,1000,"THCM","MM-RWAL",0.372637622534733,0.251117525697163,0.492387509148099,3,38
51,1000,"ICM","MM-RWAL",0.431686514340866,0.299413885897866,0.426088360424431,3,89
51,1000,"THCM","RAENR-MM",0.307313441285823,0.205094781065552,0.654759281901842,17,38
51,1000,"ICM","RAENR-MM",0.37433113015405,0.261886651485428,0.568461090036811,17,89
52,1000,"THCM","Ridge",0.327390345829664,0.215778159313266,0.543853261822363,1000,48
52,1000,"ICM","Ridge",0.623391784655032,0.37388045301437,0.379388199896893,1000,89
52,1000,"THCM","LASSO",0.289474612338253,0.198009436572892,0.643389769371855,59,48
52,1000,"ICM","LASSO",0.613550374843319,0.344321863400033,0.398828572679301,59,89
52,1000,"THCM","ENET",0.288223280676225,0.197648948458366,0.646466192398874,70,48
52,1000,"ICM","ENET",0.609217864638545,0.342557116100193,0.407288792036477,70,89
52,1000,"THCM","MM-RWAL",0.367640044849707,0.251257261557681,0.424800556605007,5,48
52,1000,"ICM","MM-RWAL",0.700537541680229,0.387072955486848,0.216280401026952,5,89
52,1000,"THCM","RAENR-MM",0.319851875239311,0.209672519430754,0.564617830803166,31,48
52,1000,"ICM","RAENR-MM",0.627771281292211,0.354784360911031,0.370637636966885,31,89
53,1000,"THCM","Ridge",0.226438304181912,0.175934435658839,0.637189304872047,1000,51
53,1000,"ICM","Ridge",0.367053153314196,0.247455906536873,0.489111393882888,1000,89
53,1000,"THCM","LASSO",0.229437420768469,0.179785889592309,0.627514992434233,79,51
53,1000,"ICM","LASSO",0.363394941634751,0.254711754616458,0.499244124362982,79,89
53,1000,"THCM","ENET",0.220825347693422,0.171907111874172,0.65495309258555,103,51
53,1000,"ICM","ENET",0.353776668808481,0.244135159372429,0.525401157324764,103,89
53,1000,"THCM","MM-RWAL",0.321454252499313,0.262638682351139,0.268829528110505,1,51
53,1000,"ICM","MM-RWAL",0.444809697386626,0.338923961010386,0.24973136358959,1,89
53,1000,"THCM","RAENR-MM",0.229693516916344,0.172604122297644,0.626682999003299,17,51
53,1000,"ICM","RAENR-MM",0.352208641513437,0.23785367289657,0.529598917096149,17,89
54,1000,"THCM","Ridge",0.28482521744782,0.197228717877746,0.576500242443541,1000,51
54,1000,"ICM","Ridge",0.328920802032272,0.234280752070403,0.539499721336443,1000,89
54,1000,"THCM","LASSO",0.261416972763918,0.182707740055722,0.643250105654214,152,51
54,1000,"ICM","LASSO",0.313094205168379,0.23497414673046,0.582749106335223,152,89
54,1000,"THCM","ENET",0.271029625961607,0.18911802658642,0.616531387290772,143,51
54,1000,"ICM","ENET",0.322467573106981,0.242280737310407,0.557391943898779,143,89
54,1000,"THCM","MM-RWAL",0.391797977448976,0.257930188922777,0.198652898709845,1,51
54,1000,"ICM","MM-RWAL",0.425525031090362,0.297314073277814,0.229278559908644,1,89
54,1000,"THCM","RAENR-MM",0.304395421479652,0.216897555611237,0.516303970571307,18,51
54,1000,"ICM","RAENR-MM",0.354232318501851,0.254107905850346,0.465898768257707,18,89
55,1000,"THCM","Ridge",0.310642796591145,0.227166184717278,0.570128192055994,1000,41
55,1000,"ICM","Ridge",0.580164629223364,0.342295313161137,0.388273255425138,1000,89
55,1000,"THCM","LASSO",0.315318965344326,0.242166639322461,0.557088889301735,117,41
55,1000,"ICM","LASSO",0.549120480643765,0.333633231182585,0.451987762545897,117,89
55,1000,"THCM","ENET",0.31780695770926,0.241189270611031,0.550071823833917,103,41
55,1000,"ICM","ENET",0.559943808410984,0.335415137633027,0.430171894159226,103,89
55,1000,"THCM","MM-RWAL",0.336090313230949,0.241794110177932,0.496814196015592,10,41
55,1000,"ICM","MM-RWAL",0.636766237992157,0.359300086606664,0.263089016037436,10,89
55,1000,"THCM","RAENR-MM",0.331524974554212,0.241403044331861,0.510391566329918,12,41
55,1000,"ICM","RAENR-MM",0.60945502055929,0.349863801845457,0.324946348548565,12,89
56,1000,"THCM","Ridge",0.205226140925144,0.163585096717383,0.537668043944603,1000,32
56,1000,"ICM","Ridge",0.402246119182096,0.289407456222211,0.376570528849643,1000,89
56,1000,"THCM","LASSO",0.208240222346103,0.173702476760989,0.523988118854284,80,32
56,1000,"ICM","LASSO",0.344129377556395,0.254174111449696,0.543703538376028,80,89
56,1000,"THCM","ENET",0.209469104417125,0.175040351815761,0.518353391126245,93,32
56,1000,"ICM","ENET",0.345271945924829,0.257392402343666,0.540668543846962,93,89
56,1000,"THCM","MM-RWAL",0.245971156562589,0.204010317238453,0.335864153878052,2,32
56,1000,"ICM","MM-RWAL",0.404292043013977,0.297053812475634,0.370212566004172,2,89
56,1000,"THCM","RAENR-MM",0.209017060272905,0.162785113370589,0.520429979927081,19,32
56,1000,"ICM","RAENR-MM",0.383291207521348,0.27748461104581,0.433941499047172,19,89
57,1000,"THCM","Ridge",0.267940843084253,0.170968055075723,0.598284367857967,1000,38
57,1000,"ICM","Ridge",0.553513701699365,0.33265358653018,0.410617174316527,1000,89
57,1000,"THCM","LASSO",0.237474011425569,0.1581000873667,0.684446450485712,145,38
57,1000,"ICM","LASSO",0.522287549104764,0.309005540089492,0.475240789147475,145,89
57,1000,"THCM","ENET",0.256607459031186,0.164243037906918,0.631549249639394,68,38
57,1000,"ICM","ENET",0.551368413930674,0.314971582822663,0.415176936845094,68,89
57,1000,"THCM","MM-RWAL",0.325875982951669,0.213409909598963,0.405782276552755,7,38
57,1000,"ICM","MM-RWAL",0.633311752849548,0.361551827151715,0.228429134963499,7,89
57,1000,"THCM","RAENR-MM",0.289925048761009,0.181610975166621,0.52965950641038,18,38
57,1000,"ICM","RAENR-MM",0.589120962061127,0.340983171083179,0.332348733933337,18,89
58,1000,"THCM","Ridge",0.203529449177254,0.155535676737351,0.670291667478884,1000,47
58,1000,"ICM","Ridge",0.331935278311039,0.241511625327202,0.465643820736003,1000,89
58,1000,"THCM","LASSO",0.194941341007551,0.15353315426104,0.697529303078824,53,47
58,1000,"ICM","LASSO",0.3361441174808,0.247475974854882,0.452006959526587,53,89
58,1000,"THCM","ENET",0.196384250373389,0.161543879312472,0.693035099812007,160,47
58,1000,"ICM","ENET",0.329069770884945,0.245030023638871,0.474829902933149,160,89
58,1000,"THCM","MM-RWAL",0.209527980508446,0.171057654749528,0.650570583690205,6,47
58,1000,"ICM","MM-RWAL",0.314587598789046,0.245930838817662,0.520037608119498,6,89
58,1000,"THCM","RAENR-MM",0.195855632261306,0.159905321827528,0.694685423745785,31,47
58,1000,"ICM","RAENR-MM",0.316198698449494,0.240683620775988,0.515108950289131,31,89
59,1000,"THCM","Ridge",0.317761838810748,0.21822013099546,0.544612991643601,1000,49
59,1000,"ICM","Ridge",0.520450605566287,0.340316428451591,0.474374415468703,1000,89
59,1000,"THCM","LASSO",0.304711026262624,0.213944371479395,0.581251276322457,51,49
59,1000,"ICM","LASSO",0.52158319542215,0.33183115466987,0.472084223254686,51,89
59,1000,"THCM","ENET",0.290918808448115,0.203197206926273,0.618301233205929,110,49
59,1000,"ICM","ENET",0.492867881828529,0.317606128639189,0.52861202941601,110,89
59,1000,"THCM","MM-RWAL",0.444082804918623,0.302948424299758,0.110583726395451,1,49
59,1000,"ICM","MM-RWAL",0.694968397300326,0.451872329632677,0.0627669994876685,1,89
59,1000,"THCM","RAENR-MM",0.310297883731274,0.201387000170333,0.565755042667806,20,49
59,1000,"ICM","RAENR-MM",0.537804220703935,0.328685711611135,0.438737699216977,20,89
60,1000,"THCM","Ridge",0.293914019392023,0.182264558351327,0.635625183394626,1000,37
60,1000,"ICM","Ridge",0.656093271453584,0.3852632534819,0.370196388293959,1000,89
60,1000,"THCM","LASSO",0.263151360311701,0.176958938777024,0.707908453365005,45,37
60,1000,"ICM","LASSO",0.66690258304245,0.389513810480003,0.349273073052404,45,89
60,1000,"THCM","ENET",0.249750038963594,0.173662845722335,0.736901192949103,69,37
60,1000,"ICM","ENET",0.647420882585129,0.381575709014459,0.386736120500567,69,89
60,1000,"THCM","MM-RWAL",0.336618439454636,0.214826260171146,0.522048802367244,5,37
60,1000,"ICM","MM-RWAL",0.731907727214857,0.416781072690872,0.216233595842907,5,89
60,1000,"THCM","RAENR-MM",0.311383917267124,0.200284897529196,0.591021850747939,11,37
60,1000,"ICM","RAENR-MM",0.686899005226106,0.396202258803635,0.309665220575407,11,89
61,1000,"THCM","Ridge",0.237857685631155,0.185573470241434,0.643724233332446,1000,48
61,1000,"ICM","Ridge",0.515003282600878,0.366391560093021,0.363454292252408,1000,89
61,1000,"THCM","LASSO",0.221003444099646,0.174024639115174,0.692425739087873,67,48
61,1000,"ICM","LASSO",0.440428213368912,0.318590464673714,0.53445693356773,67,89
61,1000,"THCM","ENET",0.215607801725581,0.171155807197359,0.707260822070335,88,48
61,1000,"ICM","ENET",0.436942392424401,0.317034771157075,0.541796962215116,88,89
61,1000,"THCM","MM-RWAL",0.266477609896348,0.201229980390938,0.552829284652351,10,48
61,1000,"ICM","MM-RWAL",0.507942180445005,0.356751581629167,0.380789720499437,10,89
61,1000,"THCM","RAENR-MM",0.246815693700893,0.191033733564404,0.616383351258671,17,48
61,1000,"ICM","RAENR-MM",0.495338107481938,0.355174201268472,0.411138608829531,17,89
62,1000,"THCM","Ridge",0.238120956804569,0.168415216908038,0.641378878796702,1000,53
62,1000,"ICM","Ridge",0.53689495181168,0.305105896067061,0.449880854833788,1000,89
62,1000,"THCM","LASSO",0.230864424654762,0.169310089831366,0.662903179742213,76,53
62,1000,"ICM","LASSO",0.526945202048113,0.29822852351866,0.470081565822838,76,89
62,1000,"THCM","ENET",0.227954900479519,0.169319543825744,0.671346325718685,83,53
62,1000,"ICM","ENET",0.521294617088258,0.2961761359008,0.481385566652679,83,89
62,1000,"THCM","MM-RWAL",0.335476569428765,0.236563972988027,0.288188479456373,3,53
62,1000,"ICM","MM-RWAL",0.668219274944084,0.378599760585591,0.147849867062146,3,89
62,1000,"THCM","RAENR-MM",0.235452827037858,0.174096435781918,0.649370506188921,75,53
62,1000,"ICM","RAENR-MM",0.500956516104717,0.28767328511722,0.521063232763438,75,89
63,1000,"THCM","Ridge",0.194568935695109,0.147214948516293,0.491451973095107,1000,42
63,1000,"ICM","Ridge",0.49009160810459,0.284777168540405,0.42635992610449,1000,89
63,1000,"THCM","LASSO",0.201229761850227,0.15734218240569,0.456036958369651,120,42
63,1000,"ICM","LASSO",0.456289340195009,0.290609923548001,0.502760527873345,120,89
63,1000,"THCM","ENET",0.21383151558148,0.168167312440693,0.385773718142516,65,42
63,1000,"ICM","ENET",0.503013030293972,0.297022070653001,0.395712763127111,65,89
63,1000,"THCM","MM-RWAL",0.229008195051242,0.185609677316621,0.295490238842899,7,42
63,1000,"ICM","MM-RWAL",0.576061675469272,0.324348942291749,0.207456848865938,7,89
63,1000,"THCM","RAENR-MM",0.215997103773459,0.17222170907029,0.37326951067943,16,42
63,1000,"ICM","RAENR-MM",0.538665991366611,0.315507081181562,0.307014631071785,16,89
64,1000,"THCM","Ridge",0.24500410249577,0.167305517402357,0.690396063493174,1000,47
64,1000,"ICM","Ridge",0.368788223029617,0.25262241113763,0.56476394775616,1000,89
64,1000,"THCM","LASSO",0.264587738000946,0.178312708029433,0.638923530126366,30,47
64,1000,"ICM","LASSO",0.398891842271024,0.262929658481784,0.490808571581009,30,89
64,1000,"THCM","ENET",0.228085008644122,0.162812900326523,0.731679877486262,96,47
64,1000,"ICM","ENET",0.36423407219549,0.251279898280398,0.57544700042382,96,89
64,1000,"THCM","MM-RWAL",0.344058029856159,0.224263575503424,0.389447298445553,5,47
64,1000,"ICM","MM-RWAL",0.474749255199508,0.322377310519882,0.27872752496637,5,89
64,1000,"THCM","RAENR-MM",0.264381213746887,0.173529456365636,0.639486987419622,42,47
64,1000,"ICM","RAENR-MM",0.399243812582259,0.261549105742176,0.48990958435762,42,89
65,1000,"THCM","Ridge",0.254683982547411,0.197537111327071,0.459960398112108,1000,45
65,1000,"ICM","Ridge",0.41581926778443,0.309052095145658,0.378996446521037,1000,89
65,1000,"THCM","LASSO",0.2906736048491,0.225165602750615,0.296549509266894,44,45
65,1000,"ICM","LASSO",0.443822839613079,0.336515419229772,0.292536298344002,44,89
65,1000,"THCM","ENET",0.281111273550225,0.217703561584015,0.34207124315175,40,45
65,1000,"ICM","ENET",0.437865368047736,0.332083205424581,0.311401518469081,40,89
65,1000,"THCM","MM-RWAL",0.336160168389483,0.268278517878039,0.0591620025572112,3,45
65,1000,"ICM","MM-RWAL",0.508390468649051,0.373596255201551,0.071718562414436,3,89
65,1000,"THCM","RAENR-MM",0.263097856150298,0.189290186303368,0.423688929474305,35,45
65,1000,"ICM","RAENR-MM",0.417555131785644,0.305884526090481,0.373800786578891,35,89
66,1000,"THCM","Ridge",0.234980059296998,0.180495852186142,0.685877469531349,1000,46
66,1000,"ICM","Ridge",0.5144914307511,0.313005754261815,0.372958219619565,1000,89
66,1000,"THCM","LASSO",0.225778533373134,0.186358158624648,0.70999708425735,29,46
66,1000,"ICM","LASSO",0.507217017987943,0.292381944830623,0.39056439860788,29,89
66,1000,"THCM","ENET",0.18626835627602,0.154430481592416,0.802614505718616,121,46
66,1000,"ICM","ENET",0.482563403183924,0.292998773511785,0.448368632929678,121,89
66,1000,"THCM","MM-RWAL",0.280579461777683,0.219060491768607,0.552133246337299,3,46
66,1000,"ICM","MM-RWAL",0.542196533497442,0.323724480513687,0.303608179946389,3,89
66,1000,"THCM","RAENR-MM",0.190736633309164,0.153541675163461,0.793031003256004,58,46
66,1000,"ICM","RAENR-MM",0.513898094167324,0.292607226883293,0.374403655925661,58,89
67,1000,"THCM","Ridge",0.297622936926177,0.204017236167644,0.525535532041017,1000,45
67,1000,"ICM","Ridge",0.364884111911628,0.263896998295338,0.491146275106098,1000,89
67,1000,"THCM","LASSO",0.297587588660066,0.192951099272051,0.525648228330375,133,45
67,1000,"ICM","LASSO",0.343937344039208,0.241681062230794,0.547892493656157,133,89
67,1000,"THCM","ENET",0.298865693392427,0.199200848358493,0.52156490496455,173,45
67,1000,"ICM","ENET",0.336681373756416,0.24044190023694,0.566767296988071,173,89
67,1000,"THCM","MM-RWAL",0.341996657446038,0.242102304218267,0.373509310515173,3,45
67,1000,"ICM","MM-RWAL",0.407864393189659,0.296722055267483,0.364208618026314,3,89
67,1000,"THCM","RAENR-MM",0.300651135001994,0.201571136109372,0.515831429897298,14,45
67,1000,"ICM","RAENR-MM",0.378594257697837,0.271833831835478,0.45218856137352,14,89
68,1000,"THCM","Ridge",0.196726234584321,0.145663767494162,0.679745439122967,1000,44
68,1000,"ICM","Ridge",0.537799244986186,0.295659192003271,0.445972349840931,1000,89
68,1000,"THCM","LASSO",0.211924587930614,0.166572677212819,0.628350580105685,44,44
68,1000,"ICM","LASSO",0.561938898970818,0.312045333961212,0.395119957061619,44,89
68,1000,"THCM","ENET",0.201509701343698,0.157187478063143,0.663981891175003,138,44
68,1000,"ICM","ENET",0.529144672938731,0.297064683933812,0.463660330440824,138,89
68,1000,"THCM","MM-RWAL",0.250744545373846,0.204468981805937,0.479724047429239,5,44
68,1000,"ICM","MM-RWAL",0.639107937850058,0.348321364254127,0.217580822509921,5,89
68,1000,"THCM","RAENR-MM",0.195288545725321,0.141834986519543,0.68440921974407,39,44
68,1000,"ICM","RAENR-MM",0.567098016484157,0.302552173669634,0.383962258461377,39,89
69,1000,"THCM","Ridge",0.295631123970422,0.215687811854878,0.70745057082885,1000,47
69,1000,"ICM","Ridge",0.445188728938156,0.324137610253743,0.515833322804862,1000,89
69,1000,"THCM","LASSO",0.235997512590979,0.191582341131949,0.813570859630556,77,47
69,1000,"ICM","LASSO",0.379935580942356,0.285191067091519,0.647364111812851,77,89
69,1000,"THCM","ENET",0.235051926163583,0.189719191783264,0.815061821945492,86,47
69,1000,"ICM","ENET",0.379223721623303,0.283978327335321,0.648684293389,86,89
69,1000,"THCM","MM-RWAL",0.538075486033432,0.373250922377164,0.0308625877467154,1,47
69,1000,"ICM","MM-RWAL",0.628891703894641,0.462279518087506,0.0338194153625423,1,89
69,1000,"THCM","RAENR-MM",0.308404823954943,0.217839898722053,0.681623304370719,25,47
69,1000,"ICM","RAENR-MM",0.414181569389382,0.299851782077258,0.580928512674369,25,89
70,1000,"THCM","Ridge",0.250334196521956,0.162947729335341,0.539963879099548,1000,38
70,1000,"ICM","Ridge",0.420878631416717,0.282920766469179,0.410246915114512,1000,89
70,1000,"THCM","LASSO",0.238455628333005,0.162581528280071,0.582586271676507,88,38
70,1000,"ICM","LASSO",0.406470806604451,0.285830556810108,0.449933512332796,88,89
70,1000,"THCM","ENET",0.231932441768063,0.157362056607273,0.605111420627872,117,38
70,1000,"ICM","ENET",0.397177810854713,0.276743637331811,0.474797936651202,117,89
70,1000,"THCM","MM-RWAL",0.269242316005639,0.17004924698851,0.467844924674816,3,38
70,1000,"ICM","MM-RWAL",0.447682376927737,0.299526428117886,0.332737888486293,3,89
70,1000,"THCM","RAENR-MM",0.247428663780331,0.156234521152037,0.550580830668786,15,38
70,1000,"ICM","RAENR-MM",0.424969392244491,0.285902819405879,0.398726904066057,15,89
71,1000,"THCM","Ridge",0.298595160200891,0.203430683114679,0.628801680721291,1000,47
71,1000,"ICM","Ridge",0.522890120326516,0.294815304338163,0.453854966006449,1000,89
71,1000,"THCM","LASSO",0.251089609404909,0.187192034244154,0.737518949788688,156,47
71,1000,"ICM","LASSO",0.457117369922555,0.271094828679404,0.58260949507706,156,89
71,1000,"THCM","ENET",0.245788728985992,0.183251189713206,0.74848470492581,220,47
71,1000,"ICM","ENET",0.444996266965935,0.272414234450343,0.604451399618753,220,89
71,1000,"THCM","MM-RWAL",0.381014556942077,0.255083684591071,0.395601177041756,9,47
71,1000,"ICM","MM-RWAL",0.609911266239492,0.32960486070471,0.256945911672552,9,89
71,1000,"THCM","RAENR-MM",0.276579097315512,0.190512726903014,0.681522186787789,55,47
71,1000,"ICM","RAENR-MM",0.503894449400571,0.27517778820634,0.492815157933464,55,89
72,1000,"THCM","Ridge",0.259096413235294,0.196938137704056,0.661547100792094,1000,48
72,1000,"ICM","Ridge",0.463434186212267,0.319793831356757,0.358090995827908,1000,89
72,1000,"THCM","LASSO",0.276418870288152,0.209564972352005,0.614778239062204,107,48
72,1000,"ICM","LASSO",0.437650879710438,0.316578852421576,0.427529720585927,107,89
72,1000,"THCM","ENET",0.281667686538602,0.211480464550013,0.600009671725748,202,48
72,1000,"ICM","ENET",0.470210977754409,0.328901105097881,0.339180482769317,202,89
72,1000,"THCM","MM-RWAL",0.329952948546348,0.270009265669094,0.451117399222411,6,48
72,1000,"ICM","MM-RWAL",0.511479132464639,0.374143031108085,0.21809647175977,6,89
72,1000,"THCM","RAENR-MM",0.279525492542939,0.206940095987733,0.606070704303233,15,48
72,1000,"ICM","RAENR-MM",0.469892185160983,0.328317281689826,0.340076220915673,15,89
73,1000,"THCM","Ridge",0.253551724778621,0.185989512869423,0.709982374062668,1000,39
73,1000,"ICM","Ridge",0.507301065668439,0.353309429478543,0.405540376307533,1000,89
73,1000,"THCM","LASSO",0.235846874376432,0.18854069118601,0.749070625044895,58,39
73,1000,"ICM","LASSO",0.468693551949923,0.322972695785647,0.492578610191511,58,89
73,1000,"THCM","ENET",0.224128141139259,0.17911554217857,0.77338741064728,79,39
73,1000,"ICM","ENET",0.46779620549444,0.315044941814523,0.494519737397205,79,89
73,1000,"THCM","MM-RWAL",0.365377298167726,0.265226981532287,0.397753375084888,2,39
73,1000,"ICM","MM-RWAL",0.580310156361371,0.404945579921151,0.222122596390527,2,89
73,1000,"THCM","RAENR-MM",0.261572920727302,0.193228412340922,0.691342511354541,35,39
73,1000,"ICM","RAENR-MM",0.47207278356247,0.325047819289222,0.485235322544232,35,89
74,1000,"THCM","Ridge",0.24908711994826,0.17913817163087,0.629519535502355,1000,49
74,1000,"ICM","Ridge",0.592847237406297,0.321121932329929,0.394038674854423,1000,89
74,1000,"THCM","LASSO",0.257929208019624,0.181145918940407,0.602750079106889,73,49
74,1000,"ICM","LASSO",0.600323543002293,0.316460719160102,0.378658936041627,73,89
74,1000,"THCM","ENET",0.251819290887522,0.179104267050964,0.621347556767759,84,49
74,1000,"ICM","ENET",0.588916798692063,0.311466125696095,0.402046804655588,84,89
74,1000,"THCM","MM-RWAL",0.279178464129622,0.198705245829976,0.534599765751533,7,49
74,1000,"ICM","MM-RWAL",0.689720469186017,0.352579764739434,0.179826872693446,7,89
74,1000,"THCM","RAENR-MM",0.242952160714582,0.188321961626682,0.647544492042775,24,49
74,1000,"ICM","RAENR-MM",0.625956247787963,0.325866933117715,0.324465921144981,24,89
75,1000,"THCM","Ridge",0.250218317162736,0.176471975360557,0.5653037086435,1000,39
75,1000,"ICM","Ridge",0.451176890625237,0.30528632809109,0.474973769199212,1000,89
75,1000,"THCM","LASSO",0.261865695840009,0.193525732823992,0.523892572090957,169,39
75,1000,"ICM","LASSO",0.444880765021921,0.328263436409152,0.48952489669221,169,89
75,1000,"THCM","ENET",0.270058492880648,0.204592007979873,0.493635306788355,99,39
75,1000,"ICM","ENET",0.423199630919605,0.308880869519426,0.538068191724578,99,89
75,1000,"THCM","MM-RWAL",0.262133009144946,0.193605974878052,0.522920052125118,3,39
75,1000,"ICM","MM-RWAL",0.500713752607696,0.317752606362058,0.353354368894253,3,89
75,1000,"THCM","RAENR-MM",0.245946221156219,0.176931008393566,0.580020545056722,16,39
75,1000,"ICM","RAENR-MM",0.461511880755862,0.292850325629124,0.450645003175788,16,89
76,1000,"THCM","Ridge",0.267701197438535,0.203845948451635,0.620092235160379,1000,53
76,1000,"ICM","Ridge",0.481051094461096,0.284401511978647,0.400054062309886,1000,89
76,1000,"THCM","LASSO",0.244867142030436,0.195328747081107,0.68213803250645,130,53
76,1000,"ICM","LASSO",0.482102280792818,0.307988616361213,0.397429210080725,130,89
76,1000,"THCM","ENET",0.243172325332139,0.191446432199997,0.686522887351694,144,53
76,1000,"ICM","ENET",0.47763167436645,0.305811918880601,0.408552852030676,144,89
76,1000,"THCM","MM-RWAL",0.335342778955692,0.258763468570938,0.40385012062859,4,53
76,1000,"ICM","MM-RWAL",0.579240492949504,0.33925513141741,0.130143662787153,4,89
76,1000,"THCM","RAENR-MM",0.23880805846057,0.187560130866533,0.697674000053003,61,53
76,1000,"ICM","RAENR-MM",0.497902982566458,0.29500326954091,0.357283930458401,61,89
77,1000,"THCM","Ridge",0.302585332013715,0.203853257885565,0.659220675384519,1000,40
77,1000,"ICM","Ridge",0.368238040084385,0.264349247514525,0.542404840044793,1000,89
77,1000,"THCM","LASSO",0.283941557652202,0.189329479692805,0.699921130012704,94,40
77,1000,"ICM","LASSO",0.327026633412837,0.234595200390308,0.639097102764068,94,89
77,1000,"THCM","ENET",0.287719477496398,0.193379349112969,0.691882744596516,93,40
77,1000,"ICM","ENET",0.331296653828239,0.237870112204181,0.62961088061515,93,89
77,1000,"THCM","MM-RWAL",0.394730859888401,0.278534559780281,0.420064551006023,1,40
77,1000,"ICM","MM-RWAL",0.411509586553077,0.300173938880258,0.428542370331196,1,89
77,1000,"THCM","RAENR-MM",0.329777754222501,0.206534280234308,0.59521891788809,15,40
77,1000,"ICM","RAENR-MM",0.360298027629703,0.25092578398733,0.561925583880547,15,89
78,1000,"THCM","Ridge",0.319909043131031,0.213861936876158,0.658162406100837,1000,43
78,1000,"ICM","Ridge",0.550250512095727,0.334196656636269,0.379176158783312,1000,89
78,1000,"THCM","LASSO",0.292552618816614,0.199464663819696,0.714125926888092,50,43
78,1000,"ICM","LASSO",0.551858401179917,0.319444763758255,0.375542634413227,50,89
78,1000,"THCM","ENET",0.284137750266707,0.195343619292682,0.730334949350331,79,43
78,1000,"ICM","ENET",0.532362689476885,0.317604858226565,0.418884182632635,79,89
78,1000,"THCM","MM-RWAL",0.370993915973845,0.248832278993065,0.540272625688399,5,43
78,1000,"ICM","MM-RWAL",0.582574712967987,0.342537873066518,0.304093752312718,5,89
78,1000,"THCM","RAENR-MM",0.321785929758467,0.204336659396029,0.65413955955591,41,43
78,1000,"ICM","RAENR-MM",0.550707517729979,0.322874058426794,0.378144491178743,41,89
79,1000,"THCM","Ridge",0.281603338700386,0.202680365941112,0.718956583467549,1000,50
79,1000,"ICM","Ridge",0.446712861473252,0.2537901634816,0.492637007330562,1000,89
79,1000,"THCM","LASSO",0.266624850797008,0.204025804077687,0.748058872741078,49,50
79,1000,"ICM","LASSO",0.49752973210383,0.286568153954276,0.370638820163031,49,89
79,1000,"THCM","ENET",0.264834379003661,0.204005149046367,0.751431243032511,46,50
79,1000,"ICM","ENET",0.499277938882242,0.282113664406226,0.366208184443029,46,89
79,1000,"THCM","MM-RWAL",0.336096615568996,0.258495139021841,0.599662663167662,3,50
79,1000,"ICM","MM-RWAL",0.563383544111832,0.325349096174924,0.193006218385226,3,89
79,1000,"THCM","RAENR-MM",0.268762440967721,0.195661195737611,0.744002943970046,29,50
79,1000,"ICM","RAENR-MM",0.484833606222387,0.263030344373284,0.402349477102707,29,89
80,1000,"THCM","Ridge",0.276202856209745,0.191856012235705,0.530916430819929,1000,49
80,1000,"ICM","Ridge",0.584272219461068,0.327836615576775,0.382494804183784,1000,89
80,1000,"THCM","LASSO",0.277475194206143,0.201204868387656,0.526584777466827,54,49
80,1000,"ICM","LASSO",0.571639971336855,0.326200220332393,0.408907676576998,54,89
80,1000,"THCM","ENET",0.266632455621898,0.190173437055956,0.562860636820111,94,49
80,1000,"ICM","ENET",0.553308374553995,0.313676639750743,0.446210612918067,94,89
80,1000,"THCM","MM-RWAL",0.333070086141293,0.245329150438358,0.317873142994873,3,49
80,1000,"ICM","MM-RWAL",0.667519267226696,0.372838620295895,0.193994968452405,3,89
80,1000,"THCM","RAENR-MM",0.284299548770677,0.198506866734454,0.503011624034906,29,49
80,1000,"ICM","RAENR-MM",0.586540588666619,0.32825419485454,0.377690711812993,29,89
81,1000,"THCM","Ridge",0.303040350629647,0.22121592222482,0.617047721681283,1000,45
81,1000,"ICM","Ridge",0.543306013169865,0.3360147296871,0.440540083783944,1000,89
81,1000,"THCM","LASSO",0.273827928753159,0.211418222093833,0.687320635356514,149,45
81,1000,"ICM","LASSO",0.51105691360242,0.32081581543006,0.504984852978136,149,89
81,1000,"THCM","ENET",0.283562162758059,0.214416861300321,0.664694792610069,82,45
81,1000,"ICM","ENET",0.546671132569125,0.326690236353251,0.433588274924447,82,89
81,1000,"THCM","MM-RWAL",0.374644658869643,0.264114569750929,0.414694198400636,2,45
81,1000,"ICM","MM-RWAL",0.643073679025473,0.388428228697667,0.216206926720479,2,89
81,1000,"THCM","RAENR-MM",0.319943822679551,0.209964284693442,0.573134361335023,21,45
81,1000,"ICM","RAENR-MM",0.575298935007258,0.334135723400348,0.372711836689836,21,89
82,1000,"THCM","Ridge",0.228172535099459,0.165295314780555,0.592258518116219,1000,35
82,1000,"ICM","Ridge",0.468539578837179,0.327606903856525,0.43265666489474,1000,89
82,1000,"THCM","LASSO",0.237398051845581,0.164624013914272,0.558620190300407,140,35
82,1000,"ICM","LASSO",0.451515514821424,0.331995586499256,0.473135729610121,140,89
82,1000,"THCM","ENET",0.226524294962578,0.169369605918356,0.598128010910737,85,35
82,1000,"ICM","ENET",0.445016610567667,0.334057548170447,0.4881934554858,85,89
82,1000,"THCM","MM-RWAL",0.242816786070567,0.175126754484288,0.538240781215512,7,35
82,1000,"ICM","MM-RWAL",0.50383349123832,0.356488920675345,0.343964323985074,7,89
82,1000,"THCM","RAENR-MM",0.242017652210432,0.170944539221939,0.541275169513813,28,35
82,1000,"ICM","RAENR-MM",0.476134787565455,0.340242232259314,0.414113868223878,28,89
83,1000,"THCM","Ridge",0.205280036467931,0.156372074676057,0.699636253220218,1000,50
83,1000,"ICM","Ridge",0.32058450330235,0.23098081784551,0.554925824515904,1000,89
83,1000,"THCM","LASSO",0.210471761313895,0.169412041596,0.684251168785203,161,50
83,1000,"ICM","LASSO",0.357773291212843,0.269388213004324,0.445676643808411,161,89
83,1000,"THCM","ENET",0.209845788759888,0.169213785787687,0.686126538492738,153,50
83,1000,"ICM","ENET",0.348470617932863,0.259423626387975,0.474128449182828,153,89
83,1000,"THCM","MM-RWAL",0.221385527278684,0.177848641283724,0.65065660772833,4,50
83,1000,"ICM","MM-RWAL",0.373769356696914,0.262631431546599,0.395000895687215,4,89
83,1000,"THCM","RAENR-MM",0.183309110487172,0.138906020623748,0.760490810689348,21,50
83,1000,"ICM","RAENR-MM",0.333368080247791,0.222906596958326,0.51872270489739,21,89
84,1000,"THCM","Ridge",0.276568816092923,0.209843816975381,0.624286794808474,1000,42
84,1000,"ICM","Ridge",0.45262102605062,0.319238293049089,0.493235589796422,1000,89
84,1000,"THCM","LASSO",0.236883344696996,0.193658254738642,0.724374692570755,75,42
84,1000,"ICM","LASSO",0.401409063548114,0.282490983257583,0.601424126913804,75,89
84,1000,"THCM","ENET",0.241972866364793,0.194813669869461,0.712403645712947,84,42
84,1000,"ICM","ENET",0.39935846745745,0.280642467288478,0.605485970895601,84,89
84,1000,"THCM","MM-RWAL",0.35914401446295,0.262368203246783,0.366440650982993,1,42
84,1000,"ICM","MM-RWAL",0.538649353314735,0.362533484307721,0.282290089913175,1,89
84,1000,"THCM","RAENR-MM",0.307203610488764,0.213020157720717,0.536443506196024,14,42
84,1000,"ICM","RAENR-MM",0.472488676550046,0.319701353131889,0.44777067256162,14,89
85,1000,"THCM","Ridge",0.248805427980878,0.187856508356295,0.613458730639449,1000,42
85,1000,"ICM","Ridge",0.546328778183817,0.328415234516444,0.417340534247022,1000,89
85,1000,"THCM","LASSO",0.250090669471266,0.193152670206143,0.609454943218386,101,42
85,1000,"ICM","LASSO",0.548468928994944,0.362571651597956,0.412766652755488,101,89
85,1000,"THCM","ENET",0.248314403945233,0.191293776883004,0.614982923796208,114,42
85,1000,"ICM","ENET",0.545204101962366,0.357027355333548,0.419736998671255,114,89
85,1000,"THCM","MM-RWAL",0.272713079105681,0.2189977088753,0.535604395279582,6,42
85,1000,"ICM","MM-RWAL",0.623315255496884,0.373853402843355,0.241558369510597,6,89
85,1000,"THCM","RAENR-MM",0.233187386459611,0.174591799065358,0.660463649124107,16,42
85,1000,"ICM","RAENR-MM",0.578788672291896,0.339867982201165,0.346046759446654,16,89
86,1000,"THCM","Ridge",0.159187289979089,0.127718049603146,0.706018130678928,1000,44
86,1000,"ICM","Ridge",0.432459797110374,0.273865303856582,0.479348970582184,1000,89
86,1000,"THCM","LASSO",0.18819322569025,0.152777996736121,0.589123085265643,54,44
86,1000,"ICM","LASSO",0.448018407161296,0.29392304896462,0.441212134795977,54,89
86,1000,"THCM","ENET",0.182280339839588,0.149583172479281,0.614536351632458,99,44
86,1000,"ICM","ENET",0.418178393860076,0.278638973296671,0.513168768659734,99,89
86,1000,"THCM","MM-RWAL",0.205612130622962,0.166655422082808,0.509542663556677,2,44
86,1000,"ICM","MM-RWAL",0.547361211031124,0.32302754905693,0.165928491067222,2,89
86,1000,"THCM","RAENR-MM",0.171702154795811,0.136224008347251,0.657977041530511,15,44
86,1000,"ICM","RAENR-MM",0.47698047814611,0.295025555016732,0.36663150027255,15,89
87,1000,"THCM","Ridge",0.215459242793437,0.169884943512241,0.650571799378448,1000,46
87,1000,"ICM","Ridge",0.445370000846238,0.294245700107493,0.481764752039474,1000,89
87,1000,"THCM","LASSO",0.21859240670612,0.169981257958948,0.640335282187948,61,46
87,1000,"ICM","LASSO",0.454595003782262,0.307777157571392,0.460073872504089,61,89
87,1000,"THCM","ENET",0.21798294217974,0.170425961052803,0.642338071826275,96,46
87,1000,"ICM","ENET",0.434100375606992,0.302823827259947,0.50765974021309,96,89
87,1000,"THCM","MM-RWAL",0.273092193318628,0.21808221100224,0.438633794597392,3,46
87,1000,"ICM","MM-RWAL",0.5686259750622,0.356071396118348,0.155230128713825,3,89
87,1000,"THCM","RAENR-MM",0.206486913940866,0.154289812084583,0.679068193700229,15,46
87,1000,"ICM","RAENR-MM",0.477999032789707,0.296651311756762,0.403048479236053,15,89
88,1000,"THCM","Ridge",0.244942846498931,0.180083697186347,0.598022884875516,1000,49
88,1000,"ICM","Ridge",0.375749077794077,0.26341466759052,0.448330791990071,1000,89
88,1000,"THCM","LASSO",0.270382238344038,0.199346109461264,0.51018946022915,111,49
88,1000,"ICM","LASSO",0.369211668384571,0.270128166740812,0.467360055074857,111,89
88,1000,"THCM","ENET",0.263113867278073,0.196754737405802,0.536169520392666,191,49
88,1000,"ICM","ENET",0.360465840051791,0.274235001443211,0.492295367017047,191,89
88,1000,"THCM","MM-RWAL",0.305888746751103,0.237675347861927,0.37309922266334,6,49
88,1000,"ICM","MM-RWAL",0.426433518651103,0.301267225317654,0.289464853483757,6,89
88,1000,"THCM","RAENR-MM",0.253752309668496,0.186493023106344,0.568588402545466,22,49
88,1000,"ICM","RAENR-MM",0.390381252204008,0.272765487185984,0.404528743441794,22,89
89,1000,"THCM","Ridge",0.299155997456766,0.203521479360736,0.574023316320712,1000,49
89,1000,"ICM","Ridge",0.635930883876089,0.370877334739781,0.380928064084004,1000,89
89,1000,"THCM","LASSO",0.276271817471032,0.20053436738321,0.636701529328873,60,49
89,1000,"ICM","LASSO",0.624844199659396,0.35334876594793,0.402325443022998,60,89
89,1000,"THCM","ENET",0.267809091146604,0.198604176012119,0.658617675271797,81,49
89,1000,"ICM","ENET",0.611168706116869,0.348119636930362,0.428200856429573,81,89
89,1000,"THCM","MM-RWAL",0.36243979322775,0.245989195460625,0.374737837737422,5,49
89,1000,"ICM","MM-RWAL",0.723401192498869,0.400459266952125,0.198912927073241,5,89
89,1000,"THCM","RAENR-MM",0.295521739482545,0.203554776783959,0.584310294823876,46,49
89,1000,"ICM","RAENR-MM",0.631633961767589,0.348622684801309,0.389265815641359,46,89
90,1000,"THCM","Ridge",0.266163258280529,0.18084621721225,0.726814087508747,1000,36
90,1000,"ICM","Ridge",0.404664682324261,0.296862700090792,0.460106186340571,1000,89
90,1000,"THCM","LASSO",0.214684197257742,0.15721035390253,0.822269383884707,110,36
90,1000,"ICM","LASSO",0.368426780698657,0.282116154951631,0.552472086195182,110,89
90,1000,"THCM","ENET",0.215636356137975,0.158958093690346,0.82068936017746,77,36
90,1000,"ICM","ENET",0.370592299611556,0.284681777550436,0.547195714538086,77,89
90,1000,"THCM","MM-RWAL",0.321999597469183,0.226467824103433,0.600172419452,2,36
90,1000,"ICM","MM-RWAL",0.443755385657473,0.323438670242855,0.350760371984351,2,89
90,1000,"THCM","RAENR-MM",0.29811964586074,0.208631073102118,0.657276973219547,12,36
90,1000,"ICM","RAENR-MM",0.400386761201748,0.298852070508426,0.471460846804358,12,89
91,1000,"THCM","Ridge",0.288480248489715,0.189320658655809,0.639837080993933,1000,40
91,1000,"ICM","Ridge",0.368878878397021,0.26029465188977,0.495455342550626,1000,89
91,1000,"THCM","LASSO",0.276100332424905,0.19536511027042,0.670086042344203,84,40
91,1000,"ICM","LASSO",0.348226431412069,0.25364520527801,0.550369773638379,84,89
91,1000,"THCM","ENET",0.274580788754885,0.194766612538325,0.673707473255461,64,40
91,1000,"ICM","ENET",0.341830055079314,0.247530753503835,0.56673608030856,64,89
91,1000,"THCM","MM-RWAL",0.350632010325842,0.247337605761783,0.467928552591033,5,40
91,1000,"ICM","MM-RWAL",0.386887903241321,0.280080504574605,0.444988047151636,5,89
91,1000,"THCM","RAENR-MM",0.282928280352965,0.186343386878432,0.65356676411563,31,40
91,1000,"ICM","RAENR-MM",0.365203261578019,0.257430956833893,0.505460108252045,31,89
92,1000,"THCM","Ridge",0.290740642020165,0.215510382067346,0.665653262999796,1000,45
92,1000,"ICM","Ridge",0.398888826988161,0.283073266085062,0.492065524739875,1000,89
92,1000,"THCM","LASSO",0.253663371703571,0.207979725263525,0.745492186140819,86,45
92,1000,"ICM","LASSO",0.348346960182669,0.26753538163405,0.612628203682249,86,89
92,1000,"THCM","ENET",0.237270148431905,0.196344453770681,0.777324824751021,159,45
92,1000,"ICM","ENET",0.345246255171597,0.257098769136519,0.619493657258166,159,89
92,1000,"THCM","MM-RWAL",0.343167692784801,0.260542265314943,0.534201175117831,2,45
92,1000,"ICM","MM-RWAL",0.425575558142997,0.307376810155715,0.421827671730732,2,89
92,1000,"THCM","RAENR-MM",0.324654140356688,0.243151851035782,0.583104228087572,13,45
92,1000,"ICM","RAENR-MM",0.398453963647886,0.28822382352945,0.493172407992794,13,89
93,1000,"THCM","Ridge",0.285221579006802,0.205607492407187,0.722252530461917,1000,46
93,1000,"ICM","Ridge",0.445441982878778,0.323817996067098,0.506089523404092,1000,89
93,1000,"THCM","LASSO",0.233160821647894,0.18947234308548,0.814392079344093,117,46
93,1000,"ICM","LASSO",0.394735379332424,0.297736277996339,0.612137269282488,117,89
93,1000,"THCM","ENET",0.244879401629268,0.196378944507503,0.795266051648407,91,46
93,1000,"ICM","ENET",0.395079853756187,0.294318688041795,0.611460020188681,91,89
93,1000,"THCM","MM-RWAL",0.487453659753452,0.336370086207209,0.188755020726113,1,46
93,1000,"ICM","MM-RWAL",0.594560616030231,0.439608539675548,0.120049544351729,1,89
93,1000,"THCM","RAENR-MM",0.290397458766062,0.20321581405743,0.712080569632473,42,46
93,1000,"ICM","RAENR-MM",0.416935012423686,0.296447365798191,0.567284274548796,42,89
94,1000,"THCM","Ridge",0.322397851527387,0.209510468975918,0.590268708857707,1000,43
94,1000,"ICM","Ridge",0.402133909848033,0.279965337378337,0.508887993695654,1000,89
94,1000,"THCM","LASSO",0.329299988509351,0.218767945887449,0.572537240145927,103,43
94,1000,"ICM","LASSO",0.390701993919644,0.274372294928717,0.536413891281069,103,89
94,1000,"THCM","ENET",0.327386513762087,0.215692695845293,0.577490552087329,95,43
94,1000,"ICM","ENET",0.387276129241178,0.272999252063309,0.544508143775647,95,89
94,1000,"THCM","MM-RWAL",0.381463566027993,0.254645683669596,0.4263843614943,4,43
94,1000,"ICM","MM-RWAL",0.436876719592873,0.300790234857607,0.420361847251736,4,89
94,1000,"THCM","RAENR-MM",0.340501608461164,0.209804486871141,0.54296107471143,43,43
94,1000,"ICM","RAENR-MM",0.392754309841977,0.271070562835305,0.531530762786258,43,89
95,1000,"THCM","Ridge",0.273600659058405,0.201818655620234,0.635858454583926,1000,49
95,1000,"ICM","Ridge",0.384669193104137,0.256918932959155,0.408400583292306,1000,89
95,1000,"THCM","LASSO",0.24966351933342,0.188607525077251,0.696788178789152,145,49
95,1000,"ICM","LASSO",0.359212868976637,0.253380310922101,0.484110488519323,145,89
95,1000,"THCM","ENET",0.248938651353349,0.188283164499294,0.69854630089024,130,49
95,1000,"ICM","ENET",0.348563239239375,0.247097594016739,0.514246330590659,130,89
95,1000,"THCM","MM-RWAL",0.367367989654038,0.293434179004309,0.343494186823625,1,49
95,1000,"ICM","MM-RWAL",0.417328300366314,0.318890969644178,0.303680436035818,1,89
95,1000,"THCM","RAENR-MM",0.265640235179292,0.194298993181832,0.656739631197429,30,49
95,1000,"ICM","RAENR-MM",0.361588305370536,0.259028428379906,0.477264883842377,30,89
96,1000,"THCM","Ridge",0.195712999894064,0.164276868873912,0.52733889377036,1000,51
96,1000,"ICM","Ridge",0.424895565576278,0.267516790914464,0.459122227566086,1000,89
96,1000,"THCM","LASSO",0.2108684037849,0.167793345232294,0.451301793739685,92,51
96,1000,"ICM","LASSO",0.425958476924934,0.280588543953961,0.456412741962971,92,89
96,1000,"THCM","ENET",0.201882657235877,0.163023530316458,0.497068839773427,123,51
96,1000,"ICM","ENET",0.405569011076704,0.271270453168941,0.507207301185315,123,89
96,1000,"THCM","MM-RWAL",0.264927041337609,0.220987699469271,0.133909852636691,3,51
96,1000,"ICM","MM-RWAL",0.518519934541647,0.328752456327211,0.194499800732842,3,89
96,1000,"THCM","RAENR-MM",0.199191175717868,0.165729377660481,0.51038951530347,30,51
96,1000,"ICM","RAENR-MM",0.434074180308969,0.274223225351487,0.435501691713773,30,89
97,1000,"THCM","Ridge",0.225213413069772,0.157736880951423,0.749182126398634,1000,51
97,1000,"ICM","Ridge",0.403999564959552,0.272109920171216,0.427113221887171,1000,89
97,1000,"THCM","LASSO",0.219822226090019,0.162504629040506,0.76104661881071,36,51
97,1000,"ICM","LASSO",0.379547629499423,0.264194574437632,0.494362155960194,36,89
97,1000,"THCM","ENET",0.218377781881472,0.158778653086332,0.764176610108698,116,51
97,1000,"ICM","ENET",0.382820362250994,0.266605408089837,0.485604614523137,116,89
97,1000,"THCM","MM-RWAL",0.322132980237364,0.248604811914919,0.486854696899612,2,51
97,1000,"ICM","MM-RWAL",0.452973507410585,0.319279685319135,0.279800841715629,2,89
97,1000,"THCM","RAENR-MM",0.217737354416219,0.159302086438276,0.765557760865779,35,51
97,1000,"ICM","RAENR-MM",0.41475341972607,0.282934115529814,0.396208554964095,35,89
98,1000,"THCM","Ridge",0.268870169235453,0.179295221238343,0.706234520762685,1000,52
98,1000,"ICM","Ridge",0.43959080902988,0.28932949231072,0.459805850937491,1000,89
98,1000,"THCM","LASSO",0.226732920696278,0.161206232114275,0.791096996611602,136,52
98,1000,"ICM","LASSO",0.397061441646915,0.271305481919387,0.55927458142957,136,89
98,1000,"THCM","ENET",0.233628772594791,0.16939044208186,0.778196613046748,74,52
98,1000,"ICM","ENET",0.413303014772886,0.283661579164119,0.522481925032122,74,89
98,1000,"THCM","MM-RWAL",0.327784236021237,0.228140194741324,0.563392043600617,2,52
98,1000,"ICM","MM-RWAL",0.514887330636803,0.341948342615483,0.25889954470785,2,89
98,1000,"THCM","RAENR-MM",0.278931041299788,0.191491817716892,0.68383833129087,27,52
98,1000,"ICM","RAENR-MM",0.446248875775278,0.29648480830062,0.443318307769084,27,89
99,1000,"THCM","Ridge",0.22597562058893,0.168152927431133,0.67766851416833,1000,51
99,1000,"ICM","Ridge",0.508594906138603,0.28802776976522,0.406583283527053,1000,89
99,1000,"THCM","LASSO",0.218545909288537,0.17567875491873,0.698515549070446,120,51
99,1000,"ICM","LASSO",0.476177592809679,0.284668398489115,0.479819971278981,120,89
99,1000,"THCM","ENET",0.216591326171062,0.173566661642633,0.703884135461179,65,51
99,1000,"ICM","ENET",0.512390673693408,0.289363100397148,0.397692603480432,65,89
99,1000,"THCM","MM-RWAL",0.301004995874687,0.219408984257277,0.428090958936116,1,51
99,1000,"ICM","MM-RWAL",0.590322747740229,0.333146656456784,0.200543567011582,1,89
99,1000,"THCM","RAENR-MM",0.246790936738457,0.170157454474897,0.61555167994871,12,51
99,1000,"ICM","RAENR-MM",0.543718204747594,0.297631881411982,0.321791056650751,12,89
100,1000,"THCM","Ridge",0.263722572414513,0.185356996680563,0.678210549826749,1000,50
100,1000,"ICM","Ridge",0.424371785259812,0.293349829789867,0.438952479470179,1000,89
100,1000,"THCM","LASSO",0.248941132580161,0.168131198258918,0.713271728092762,77,50
100,1000,"ICM","LASSO",0.38586729777826,0.273600213054582,0.536144627195592,77,89
100,1000,"THCM","ENET",0.24933404585798,0.174989956026232,0.712365905489168,63,50
100,1000,"ICM","ENET",0.385095299530958,0.27648701405408,0.53799882587474,63,89
100,1000,"THCM","MM-RWAL",0.32650913283834,0.251393900405465,0.506749127551569,5,50
100,1000,"ICM","MM-RWAL",0.446787335890026,0.315445560219417,0.378117475087661,5,89
100,1000,"THCM","RAENR-MM",0.272242217600537,0.193677999525954,0.657083689399444,19,50
100,1000,"ICM","RAENR-MM",0.400435286109988,0.280707192916642,0.500458786559857,19,89
1,15000,"THCM","Ridge",0.1784574749886,0.12725587790064,0.770591331110991,15000,45
1,15000,"ICM","Ridge",0.318122147244344,0.223197227117634,0.677747319134411,15000,89
1,15000,"THCM","LASSO",0.176858402253961,0.127004867971022,0.774684156057959,54,45
1,15000,"ICM","LASSO",0.353239838055582,0.209187554206853,0.602672995893578,54,89
1,15000,"THCM","ENET",0.174895359907988,0.125506296636588,0.779658190138281,57,45
1,15000,"ICM","ENET",0.343904511712091,0.205770840554634,0.623396392806739,57,89
1,15000,"THCM","MM-RWAL",0.26677455897914,0.197053138895601,0.487340324153132,4,45
1,15000,"ICM","MM-RWAL",0.475274568452101,0.307162297598693,0.280720171648027,4,89
1,15000,"THCM","RAENR-MM",0.168058710550321,0.117203816255463,0.796547799511893,35,45
1,15000,"ICM","RAENR-MM",0.320031299584032,0.197282433049091,0.673867830963145,35,89
2,15000,"THCM","Ridge",0.204488904168514,0.152510273447138,0.597766873882706,15000,46
2,15000,"ICM","Ridge",0.318788658282577,0.221136862730901,0.625817022761779,15000,89
2,15000,"THCM","LASSO",0.191806921169488,0.157688104678205,0.646111143479531,56,46
2,15000,"ICM","LASSO",0.315737448436874,0.196760631126536,0.632945551008105,56,89
2,15000,"THCM","ENET",0.193287492779091,0.157806818435122,0.640626669562541,74,46
2,15000,"ICM","ENET",0.317935407516433,0.20181215206936,0.627817373976386,74,89
2,15000,"THCM","MM-RWAL",0.260388529319431,0.185281292951348,0.34779813482065,3,46
2,15000,"ICM","MM-RWAL",0.357257923622764,0.225823688362932,0.530060400932377,3,89
2,15000,"THCM","RAENR-MM",0.186977635165606,0.143596943045031,0.66370712629516,49,46
2,15000,"ICM","RAENR-MM",0.324357086307262,0.208442221195273,0.612630802878886,49,89
3,15000,"THCM","Ridge",0.165313225955177,0.126771120587627,0.744587749022739,15000,41
3,15000,"ICM","Ridge",0.320069000449846,0.2232911963085,0.587497374975667,15000,89
3,15000,"THCM","LASSO",0.169221472389358,0.136533433424947,0.732368356013521,64,41
3,15000,"ICM","LASSO",0.309367530947842,0.200185724199967,0.614620195648711,64,89
3,15000,"THCM","ENET",0.164585150885843,0.133457314363165,0.746832575942905,111,41
3,15000,"ICM","ENET",0.314238752025766,0.202055964931779,0.602388467737672,111,89
3,15000,"THCM","MM-RWAL",0.255341761262619,0.208940906462654,0.390645220092481,4,41
3,15000,"ICM","MM-RWAL",0.39203360698188,0.267127141402819,0.381149015422849,4,89
3,15000,"THCM","RAENR-MM",0.146539241981877,0.11763317666439,0.79930599292632,54,41
3,15000,"ICM","RAENR-MM",0.298301181201584,0.203003202802978,0.641697832347116,54,89
4,15000,"THCM","Ridge",0.212904116878414,0.140105008328926,0.757013641512839,15000,49
4,15000,"ICM","Ridge",0.350260493668642,0.227754149372147,0.632234689883892,15000,89
4,15000,"THCM","LASSO",0.21046107064955,0.149403535673653,0.762558118724397,74,49
4,15000,"ICM","LASSO",0.370901421338992,0.224148695820391,0.587612544595974,74,89
4,15000,"THCM","ENET",0.21212705717008,0.149409401536148,0.758784113049868,154,49
4,15000,"ICM","ENET",0.359290199060429,0.217723426105549,0.613028312411653,154,89
4,15000,"THCM","MM-RWAL",0.306700843774314,0.196781307905708,0.495752544534378,2,49
4,15000,"ICM","MM-RWAL",0.46539746511189,0.294575450213178,0.35071334379891,2,89
4,15000,"THCM","RAENR-MM",0.214178842004806,0.14819055743364,0.754095256656618,63,49
4,15000,"ICM","RAENR-MM",0.367295815484506,0.225890220700748,0.595591372835213,63,89
5,15000,"THCM","Ridge",0.183965117216139,0.133985190396639,0.664912795956501,15000,38
5,15000,"ICM","Ridge",0.357027532837769,0.251848018501903,0.655762993584324,15000,89
5,15000,"THCM","LASSO",0.16640067168741,0.129571899829887,0.725844457172958,70,38
5,15000,"ICM","LASSO",0.386891809953938,0.224879703011147,0.595765653539735,70,89
5,15000,"THCM","ENET",0.168341929262185,0.130027984846967,0.719410457560742,102,38
5,15000,"ICM","ENET",0.383442186530824,0.223022970447633,0.602942024685993,102,89
5,15000,"THCM","MM-RWAL",0.232487438096753,0.17249581693998,0.464837265273773,4,38
5,15000,"ICM","MM-RWAL",0.515860151468359,0.321245385817346,0.281348888963053,4,89
5,15000,"THCM","RAENR-MM",0.153845999259202,0.119556347862472,0.765653055878258,43,38
5,15000,"ICM","RAENR-MM",0.363586256810676,0.220060924783685,0.642999309070182,43,89
6,15000,"THCM","Ridge",0.176772699222631,0.125569442585736,0.756384339495645,15000,44
6,15000,"ICM","Ridge",0.348690924197233,0.228792821482401,0.554578519024921,15000,89
6,15000,"THCM","LASSO",0.189050932212968,0.133700301896658,0.721367056750827,67,44
6,15000,"ICM","LASSO",0.327989261939926,0.194479517201611,0.605897562060622,67,89
6,15000,"THCM","ENET",0.1879451009021,0.130216590265475,0.724617184854619,70,44
6,15000,"ICM","ENET",0.326877965760887,0.191494841331884,0.608563640658149,70,89
6,15000,"THCM","MM-RWAL",0.275242109493109,0.201641547921597,0.409384865676643,3,44
6,15000,"ICM","MM-RWAL",0.401929787865707,0.260468522562336,0.408179154533026,3,89
6,15000,"THCM","RAENR-MM",0.178823055569075,0.123348364969423,0.750700252313375,44,44
6,15000,"ICM","RAENR-MM",0.330838862478977,0.197985255234248,0.599019818405562,44,89
7,15000,"THCM","Ridge",0.185409984522732,0.132706497017319,0.601440750877562,15000,44
7,15000,"ICM","Ridge",0.298752503262143,0.195562451077988,0.680342237678948,15000,89
7,15000,"THCM","LASSO",0.202485252764766,0.155270355664141,0.524650048701298,82,44
7,15000,"ICM","LASSO",0.328343240255748,0.210153808418917,0.613883546525748,82,89
7,15000,"THCM","ENET",0.193476338013379,0.145810394893595,0.56600735024177,61,44
7,15000,"ICM","ENET",0.322486153449247,0.202964243909297,0.627536008282809,61,89
7,15000,"THCM","MM-RWAL",0.247227195017524,0.184240845248896,0.291370643996031,3,44
7,15000,"ICM","MM-RWAL",0.447454668133692,0.298281428213713,0.282932175677668,3,89
7,15000,"THCM","RAENR-MM",0.193978895596853,0.139903015432017,0.56374981770131,41,44
7,15000,"ICM","RAENR-MM",0.300772593569727,0.196002603209257,0.676004729548444,41,89
8,15000,"THCM","Ridge",0.158416158377299,0.127940642819965,0.737506390902223,15000,39
8,15000,"ICM","Ridge",0.294074231955226,0.202501258093017,0.58006611364142,15000,89
8,15000,"THCM","LASSO",0.159249858337364,0.119220332115422,0.734736259838041,63,39
8,15000,"ICM","LASSO",0.224931818960965,0.160274329245263,0.754320585213365,63,89
8,15000,"THCM","ENET",0.155461044231667,0.115475675882097,0.747208224323687,87,39
8,15000,"ICM","ENET",0.234224989257986,0.164456565178455,0.73360048257924,87,89
8,15000,"THCM","MM-RWAL",0.237344882955385,0.185297116130143,0.410777224636424,3,39
8,15000,"ICM","MM-RWAL",0.294910153923957,0.22622488989553,0.577675350789555,3,89
8,15000,"THCM","RAENR-MM",0.145036239137358,0.115603093933798,0.779974589989632,50,39
8,15000,"ICM","RAENR-MM",0.266200486028384,0.185018402002818,0.655900004835022,50,89
9,15000,"THCM","Ridge",0.218615644163465,0.15955563490737,0.719076670872704,15000,46
9,15000,"ICM","Ridge",0.48097916469541,0.321801424027521,0.534134918908925,15000,89
9,15000,"THCM","LASSO",0.204696932399857,0.148934793726201,0.753709306644802,83,46
9,15000,"ICM","LASSO",0.558105401104995,0.320148950543466,0.372750848557944,83,89
9,15000,"THCM","ENET",0.205019469034429,0.148640425706767,0.752932545072082,72,46
9,15000,"ICM","ENET",0.559393006840074,0.321314861178874,0.369853255136079,72,89
9,15000,"THCM","MM-RWAL",0.256936692936889,0.186482926212899,0.611959020120368,4,46
9,15000,"ICM","MM-RWAL",0.647538344052554,0.38471318052214,0.155618689327444,4,89
9,15000,"THCM","RAENR-MM",0.194466476051634,0.143178194395677,0.777712612647871,48,46
9,15000,"ICM","RAENR-MM",0.558517841989954,0.331940906817878,0.371823429523264,48,89
10,15000,"THCM","Ridge",0.159156892741624,0.130010735443712,0.769707572772285,15000,50
10,15000,"ICM","Ridge",0.252709881616251,0.183415078950306,0.613287266037719,15000,89
10,15000,"THCM","LASSO",0.152378836020966,0.120791791654807,0.788904946243215,53,50
10,15000,"ICM","LASSO",0.234178021271698,0.149423295464767,0.667924918011847,53,89
10,15000,"THCM","ENET",0.149735564644761,0.121089083622402,0.796165035060499,76,50
10,15000,"ICM","ENET",0.23289100066365,0.149461548116909,0.671564995169687,76,89
10,15000,"THCM","MM-RWAL",0.233950669336493,0.192339606085815,0.502403476071654,4,50
10,15000,"ICM","MM-RWAL",0.277587898986589,0.208473618492957,0.533399624369329,4,89
10,15000,"THCM","RAENR-MM",0.145848054971947,0.115444634371699,0.806611770571038,44,50
10,15000,"ICM","RAENR-MM",0.227712420884676,0.15028395835629,0.686008808113762,44,89
11,15000,"THCM","Ridge",0.200343042276609,0.131591213173236,0.689281302668725,15000,43
11,15000,"ICM","Ridge",0.305378736158282,0.200356356138858,0.577379035344411,15000,89
11,15000,"THCM","LASSO",0.186280369824686,0.122136633560949,0.73137090953636,45,43
11,15000,"ICM","LASSO",0.27506742448198,0.172236007835398,0.657112405895269,45,89
11,15000,"THCM","ENET",0.187735388276525,0.117737850156323,0.727158047277671,61,43
11,15000,"ICM","ENET",0.273958482074855,0.169970867550556,0.65987155569352,61,89
11,15000,"THCM","MM-RWAL",0.258307332820581,0.167059987377534,0.483473831489362,4,43
11,15000,"ICM","MM-RWAL",0.345311591814771,0.229058131923285,0.459624357171041,4,89
11,15000,"THCM","RAENR-MM",0.181357900597219,0.103938328653819,0.745380407834606,49,43
11,15000,"ICM","RAENR-MM",0.263149272255451,0.163056199624803,0.686182038626657,49,89
12,15000,"THCM","Ridge",0.232115834615785,0.174516463316309,0.564435092085767,15000,55
12,15000,"ICM","Ridge",0.297261197826312,0.216309733277641,0.574772327128165,15000,89
12,15000,"THCM","LASSO",0.193011303384121,0.141483996484933,0.698831994464493,68,55
12,15000,"ICM","LASSO",0.311003542075603,0.183537405785716,0.534547096928221,68,89
12,15000,"THCM","ENET",0.193544025410989,0.139287620183909,0.697167219007239,76,55
12,15000,"ICM","ENET",0.302370032740802,0.179006065307279,0.560030504344554,76,89
12,15000,"THCM","MM-RWAL",0.273445890067501,0.182032958163744,0.395514139980463,3,55
12,15000,"ICM","MM-RWAL",0.369505181588639,0.216586524221752,0.342968579928374,3,89
12,15000,"THCM","RAENR-MM",0.207872770152838,0.144628288615909,0.650667852988366,44,55
12,15000,"ICM","RAENR-MM",0.295983782857478,0.187299005189921,0.578419120410564,44,89
13,15000,"THCM","Ridge",0.159421715497576,0.125462895617994,0.824448674076405,15000,36
13,15000,"ICM","Ridge",0.372197725960092,0.242327057754251,0.584047219383616,15000,89
13,15000,"THCM","LASSO",0.180717303696682,0.121333325306396,0.774415822839583,45,36
13,15000,"ICM","LASSO",0.371031843392132,0.220281495660317,0.586649022261433,45,89
13,15000,"THCM","ENET",0.168275150558067,0.116213535926336,0.804408880125385,77,36
13,15000,"ICM","ENET",0.361549026677267,0.217676120414238,0.607507832415173,77,89
13,15000,"THCM","MM-RWAL",0.28666474043572,0.208225512969596,0.432379967372719,3,36
13,15000,"ICM","MM-RWAL",0.457944051225637,0.291057608368045,0.370317759320246,3,89
13,15000,"THCM","RAENR-MM",0.154306796921352,0.10591731185113,0.835532810758156,33,36
13,15000,"ICM","RAENR-MM",0.379712239827681,0.230705094801606,0.567081849512189,33,89
14,15000,"THCM","Ridge",0.220745415077876,0.162589620660798,0.723486174224879,15000,51
14,15000,"ICM","Ridge",0.447928252956328,0.256464987850613,0.562524943960584,15000,89
14,15000,"THCM","LASSO",0.208612049612372,0.151263347015814,0.753048170911201,58,51
14,15000,"ICM","LASSO",0.525405809257815,0.264773738218863,0.398097532799401,58,89
14,15000,"THCM","ENET",0.201290368424683,0.147679863368458,0.770078567500888,106,51
14,15000,"ICM","ENET",0.50942658435105,0.256687115977751,0.434152251153545,106,89
14,15000,"THCM","MM-RWAL",0.237079378642729,0.181216914879463,0.681051159422704,3,51
14,15000,"ICM","MM-RWAL",0.556932951293832,0.289772932049581,0.32369560341577,3,89
14,15000,"THCM","RAENR-MM",0.194261774702128,0.140335163980937,0.785854885414298,45,51
14,15000,"ICM","RAENR-MM",0.505130040270694,0.249660448399318,0.443656809598671,45,89
15,15000,"THCM","Ridge",0.170771931009632,0.115583022159875,0.743847956191717,15000,44
15,15000,"ICM","Ridge",0.367361325038681,0.245609410707006,0.674471062336927,15000,89
15,15000,"THCM","LASSO",0.184872666891045,0.120655753315057,0.699800296249982,49,44
15,15000,"ICM","LASSO",0.449861559655072,0.254048580029922,0.511841894960727,49,89
15,15000,"THCM","ENET",0.181442749692498,0.114749658352992,0.710836092645253,72,44
15,15000,"ICM","ENET",0.448880105998535,0.254003559873952,0.513969580336983,72,89
15,15000,"THCM","MM-RWAL",0.295075648331715,0.198249729790889,0.235228690514786,4,44
15,15000,"ICM","MM-RWAL",0.562400528777172,0.323911694449896,0.237053340370382,4,89
15,15000,"THCM","RAENR-MM",0.186645622993305,0.115032469994652,0.694014767865008,46,44
15,15000,"ICM","RAENR-MM",0.443894544306476,0.250467283769006,0.524705980257233,46,89
16,15000,"THCM","Ridge",0.225686327087402,0.157033334818467,0.651776724686893,15000,45
16,15000,"ICM","Ridge",0.354550456748613,0.244772331058638,0.625493858036386,15000,89
16,15000,"THCM","LASSO",0.217943497699823,0.160646052231813,0.67526048959284,67,45
16,15000,"ICM","LASSO",0.365997923080395,0.230403211839519,0.600919885583157,67,89
16,15000,"THCM","ENET",0.217067269053346,0.154675907474879,0.67786643163329,73,45
16,15000,"ICM","ENET",0.369540136655301,0.229773123778569,0.593157722927643,73,89
16,15000,"THCM","MM-RWAL",0.269327217492921,0.178621266539268,0.504084380447481,4,45
16,15000,"ICM","MM-RWAL",0.456184003331892,0.282562248525792,0.38001247574429,4,89
16,15000,"THCM","RAENR-MM",0.219478269835279,0.155155446410951,0.670670712484326,48,45
16,15000,"ICM","RAENR-MM",0.394894133959592,0.251920846841162,0.535416040363188,48,89
17,15000,"THCM","Ridge",0.211225897557376,0.157460658879986,0.719735057543417,15000,51
17,15000,"ICM","Ridge",0.503715175139793,0.299671899395398,0.508939582245364,15000,89
17,15000,"THCM","LASSO",0.196677347583932,0.148222738672008,0.757012947214498,73,51
17,15000,"ICM","LASSO",0.552550864590823,0.289668041845609,0.409106265548996,73,89
17,15000,"THCM","ENET",0.195502982836185,0.143289090419772,0.759906045994698,122,51
17,15000,"ICM","ENET",0.542639545029803,0.290854802211597,0.430114326576876,122,89
17,15000,"THCM","MM-RWAL",0.323715332169726,0.2344237251608,0.341734662482629,4,51
17,15000,"ICM","MM-RWAL",0.636025802235511,0.360902783792275,0.217085514965732,4,89
17,15000,"THCM","RAENR-MM",0.196369807609046,0.147554598855922,0.757772259942629,43,51
17,15000,"ICM","RAENR-MM",0.550872063828876,0.295805299217696,0.412691404735998,43,89
18,15000,"THCM","Ridge",0.227006917615798,0.178062270215061,0.661948495291801,15000,39
18,15000,"ICM","Ridge",0.452250863217216,0.258311909148288,0.517074569778476,15000,89
18,15000,"THCM","LASSO",0.20188561425608,0.156341527322388,0.732628300194542,47,39
18,15000,"ICM","LASSO",0.512124286377344,0.243312188042227,0.380741452165932,47,89
18,15000,"THCM","ENET",0.209807777969156,0.157909383271336,0.711232802201073,56,39
18,15000,"ICM","ENET",0.515327185997298,0.243998071003258,0.372971364599308,56,89
18,15000,"THCM","MM-RWAL",0.255026561792849,0.194416371948529,0.573346294635872,2,39
18,15000,"ICM","MM-RWAL",0.551664713903103,0.292750911620927,0.281425703096338,2,89
18,15000,"THCM","RAENR-MM",0.213364918842801,0.156904411856804,0.701358113940836,33,39
18,15000,"ICM","RAENR-MM",0.513711169051667,0.251861477254488,0.376897802555543,33,89
19,15000,"THCM","Ridge",0.173581009311943,0.124099217957029,0.633486924718716,15000,38
19,15000,"ICM","Ridge",0.35436299538766,0.245656633862095,0.623428573344143,15000,89
19,15000,"THCM","LASSO",0.181431353115649,0.139430310675001,0.599585557954459,75,38
19,15000,"ICM","LASSO",0.343626614815537,0.22037857755708,0.645901389095704,75,89
19,15000,"THCM","ENET",0.178946042421431,0.135537894230376,0.610480458870133,69,38
19,15000,"ICM","ENET",0.353070510452505,0.224884348833808,0.626170537357248,69,89
19,15000,"THCM","MM-RWAL",0.2133063771379,0.163378026389257,0.446531723534669,4,38
19,15000,"ICM","MM-RWAL",0.423647386484087,0.263210164472446,0.461780165118266,4,89
19,15000,"THCM","RAENR-MM",0.185865730184435,0.138123168977928,0.579773246189248,49,38
19,15000,"ICM","RAENR-MM",0.359720793231508,0.236955382880413,0.611955331917106,49,89
20,15000,"THCM","Ridge",0.16634205153818,0.125246495876981,0.72361238608562,15000,40
20,15000,"ICM","Ridge",0.454858299348889,0.254688716809921,0.521484230024286,15000,89
20,15000,"THCM","LASSO",0.212127675033391,0.151819724434366,0.550521281743524,83,40
20,15000,"ICM","LASSO",0.495990526689455,0.254968178516943,0.431028160993863,83,89
20,15000,"THCM","ENET",0.208789892654884,0.151213256011197,0.564554896144792,134,40
20,15000,"ICM","ENET",0.480925755934628,0.248702608383033,0.465066149235729,134,89
20,15000,"THCM","MM-RWAL",0.264556227249982,0.181588308619289,0.300882059560735,3,40
20,15000,"ICM","MM-RWAL",0.577088561963616,0.320680768581227,0.229754904605424,3,89
20,15000,"THCM","RAENR-MM",0.197577041174168,0.141614243827681,0.610069304484615,30,40
20,15000,"ICM","RAENR-MM",0.474649834904451,0.248845713949309,0.478936470691258,30,89
21,15000,"THCM","Ridge",0.172511439895629,0.134547446172771,0.708348312823853,15000,48
21,15000,"ICM","Ridge",0.445006196322033,0.250431434244617,0.491109485275207,15000,89
21,15000,"THCM","LASSO",0.170177864301412,0.132935762930383,0.7161853357402,56,48
21,15000,"ICM","LASSO",0.485406593737581,0.245095674947566,0.394514729495423,56,89
21,15000,"THCM","ENET",0.166672209595156,0.130278961177919,0.727758029940968,100,48
21,15000,"ICM","ENET",0.475948816351626,0.238941187025768,0.41787970348408,100,89
21,15000,"THCM","MM-RWAL",0.212170927974947,0.178673279375483,0.558835615129901,3,48
21,15000,"ICM","MM-RWAL",0.536982769115994,0.304822674199315,0.259008988318846,3,89
21,15000,"THCM","RAENR-MM",0.157380534788166,0.124015947491285,0.757265936434088,42,48
21,15000,"ICM","RAENR-MM",0.47416106691071,0.243905888207004,0.422244587683415,42,89
22,15000,"THCM","Ridge",0.146532715188108,0.110855152899201,0.740815168829938,15000,46
22,15000,"ICM","Ridge",0.455680838127332,0.250440262760492,0.579654839801977,15000,89
22,15000,"THCM","LASSO",0.156041085895058,0.118462415664085,0.706087325515611,58,46
22,15000,"ICM","LASSO",0.529024182580542,0.248742984896529,0.433453490528996,58,89
22,15000,"THCM","ENET",0.153426512708335,0.116676842967217,0.715854217276709,70,46
22,15000,"ICM","ENET",0.530002315589995,0.250728216695743,0.431356534804232,70,89
22,15000,"THCM","MM-RWAL",0.253745588143148,0.207096241740903,0.22279177724754,4,46
22,15000,"ICM","MM-RWAL",0.614418734364166,0.330349303876225,0.235788766473767,4,89
22,15000,"THCM","RAENR-MM",0.150413641014617,0.114306066121738,0.726904316841078,52,46
22,15000,"ICM","RAENR-MM",0.524187122387163,0.248846342473856,0.443766407529362,52,89
23,15000,"THCM","Ridge",0.172200685595962,0.13862549639328,0.755957895359475,15000,51
23,15000,"ICM","Ridge",0.485904267125636,0.28975881756443,0.572640908391109,15000,89
23,15000,"THCM","LASSO",0.185189863146464,0.129969878291131,0.717752937420327,50,51
23,15000,"ICM","LASSO",0.588600439385242,0.288681031440043,0.372905942210378,50,89
23,15000,"THCM","ENET",0.180053321978681,0.127380024330317,0.733192959033187,73,51
23,15000,"ICM","ENET",0.573420587948098,0.280868789397648,0.404834038879158,73,89
23,15000,"THCM","MM-RWAL",0.248416201934718,0.192193713661449,0.492127328313657,4,51
23,15000,"ICM","MM-RWAL",0.659349640646738,0.351312801206411,0.213093614936194,4,89
23,15000,"THCM","RAENR-MM",0.190030612954939,0.133521073837961,0.702804555802924,43,51
23,15000,"ICM","RAENR-MM",0.558988845941271,0.281827067730258,0.434415100545649,43,89
24,15000,"THCM","Ridge",0.160175858380946,0.121296495564202,0.64764989145194,15000,54
24,15000,"ICM","Ridge",0.30220141772089,0.204191331759464,0.682642124854053,15000,89
24,15000,"THCM","LASSO",0.147749831097466,0.126642138628566,0.700198172606908,63,54
24,15000,"ICM","LASSO",0.352843247910301,0.196074891323336,0.567366737086651,63,89
24,15000,"THCM","ENET",0.150410293673233,0.126764236957611,0.689304181781845,66,54
24,15000,"ICM","ENET",0.361089224448989,0.198521300021832,0.546909097863034,66,89
24,15000,"THCM","MM-RWAL",0.223408800482415,0.166074898921039,0.314542010081075,3,54
24,15000,"ICM","MM-RWAL",0.420833589708779,0.250610063143284,0.384572245481275,3,89
24,15000,"THCM","RAENR-MM",0.164897774444259,0.128926310882721,0.62656942108535,50,54
24,15000,"ICM","RAENR-MM",0.376774262624207,0.216734022550462,0.506691337240491,50,89
25,15000,"THCM","Ridge",0.220727207670445,0.143722607523965,0.644424849146322,15000,49
25,15000,"ICM","Ridge",0.371315742846431,0.241117601840723,0.627387564239082,15000,89
25,15000,"THCM","LASSO",0.204880969086188,0.145325061660904,0.69364645947742,153,49
25,15000,"ICM","LASSO",0.457132471352957,0.269076953081732,0.435251920192604,153,89
25,15000,"THCM","ENET",0.200131346199756,0.139875436909611,0.707685810158563,93,49
25,15000,"ICM","ENET",0.444228584545306,0.261605096910278,0.466685218552808,93,89
25,15000,"THCM","MM-RWAL",0.246281302835354,0.177228979604929,0.557327493977559,3,49
25,15000,"ICM","MM-RWAL",0.523550041481565,0.322994224112495,0.259223806894855,3,89
25,15000,"THCM","RAENR-MM",0.194004711436824,0.136306985110392,0.725309134069983,40,49
25,15000,"ICM","RAENR-MM",0.413476970123551,0.253451732537233,0.537966707578622,40,89
26,15000,"THCM","Ridge",0.142593698354295,0.112381699040546,0.690626695941899,15000,47
26,15000,"ICM","Ridge",0.483157123408662,0.258921035639544,0.588908537034032,15000,89
26,15000,"THCM","LASSO",0.140302513828514,0.114063635554389,0.700488795201131,104,47
26,15000,"ICM","LASSO",0.547487639492584,0.274751784363484,0.472150248493767,104,89
26,15000,"THCM","ENET",0.152093512455435,0.120583773479311,0.64803170166255,196,47
26,15000,"ICM","ENET",0.538112662498166,0.27360184049886,0.490072883078192,196,89
26,15000,"THCM","MM-RWAL",0.242277702311446,0.19249592473046,0.106881548519335,5,47
26,15000,"ICM","MM-RWAL",0.663564860882239,0.373731380856454,0.224595273601372,5,89
26,15000,"THCM","RAENR-MM",0.149308298490551,0.116011970190114,0.660804515742556,60,47
26,15000,"ICM","RAENR-MM",0.551266220940517,0.280468628330555,0.464839011091742,60,89
27,15000,"THCM","Ridge",0.163726603622884,0.122378520371556,0.71050234299297,15000,51
27,15000,"ICM","Ridge",0.27365232932611,0.193209052686269,0.586616067884677,15000,89
27,15000,"THCM","LASSO",0.150922071586214,0.114115544752938,0.754013052598801,50,51
27,15000,"ICM","LASSO",0.26392855946547,0.175467641704065,0.61547191219227,50,89
27,15000,"THCM","ENET",0.155579822366999,0.120486414889307,0.738595481589956,118,51
27,15000,"ICM","ENET",0.261310663672237,0.180379376108832,0.623062314570611,118,89
27,15000,"THCM","MM-RWAL",0.23697713624002,0.172932068386417,0.393515869556154,2,51
27,15000,"ICM","MM-RWAL",0.333841771217256,0.236587100204656,0.384771217112026,2,89
27,15000,"THCM","RAENR-MM",0.153658174465814,0.119248976675975,0.745013090015528,48,51
27,15000,"ICM","RAENR-MM",0.271586530853537,0.184960272186938,0.592833771935976,48,89
28,15000,"THCM","Ridge",0.162502798428083,0.120059802150828,0.740732217389229,15000,51
28,15000,"ICM","Ridge",0.297720920505166,0.192859361064328,0.672473382472125,15000,89
28,15000,"THCM","LASSO",0.152614211372005,0.116615571613371,0.771325984251193,47,51
28,15000,"ICM","LASSO",0.337134803549416,0.188383630214503,0.58001375119555,47,89
28,15000,"THCM","ENET",0.155669838515629,0.118372365723487,0.76207733563233,80,51
28,15000,"ICM","ENET",0.330395334052833,0.187903425989161,0.596637328369169,80,89
28,15000,"THCM","MM-RWAL",0.246371631394951,0.198450949945704,0.404052141647076,2,51
28,15000,"ICM","MM-RWAL",0.427353778951375,0.269974466901435,0.325156621125628,2,89
28,15000,"THCM","RAENR-MM",0.153896274603936,0.11761777480013,0.767467811700966,37,51
28,15000,"ICM","RAENR-MM",0.329420647001621,0.197016474220355,0.599013708543976,37,89
29,15000,"THCM","Ridge",0.154854003962453,0.114990172249048,0.804988965283973,15000,43
29,15000,"ICM","Ridge",0.450583316069567,0.253767201625209,0.503239357024001,15000,89
29,15000,"THCM","LASSO",0.187662680975052,0.137858235579859,0.71360189420867,111,43
29,15000,"ICM","LASSO",0.446579107753705,0.244933637225268,0.512029272634808,111,89
29,15000,"THCM","ENET",0.182519697519062,0.134141485647787,0.729084539964758,129,43
29,15000,"ICM","ENET",0.445043598128976,0.244379496551893,0.51537916327475,129,89
29,15000,"THCM","MM-RWAL",0.278714830441305,0.193290154280364,0.368265689491919,3,43
29,15000,"ICM","MM-RWAL",0.538101986542882,0.29659974107424,0.2915223448516,3,89
29,15000,"THCM","RAENR-MM",0.172996022241877,0.130974545901981,0.756619071766912,30,43
29,15000,"ICM","RAENR-MM",0.460301643293089,0.254208203149063,0.481579678036369,30,89
30,15000,"THCM","Ridge",0.214309857346919,0.151174758934551,0.713954235717326,15000,46
30,15000,"ICM","Ridge",0.269664713684162,0.191655353384999,0.736448253779405,15000,89
30,15000,"THCM","LASSO",0.224346463906335,0.151333029079859,0.686534547084589,62,46
30,15000,"ICM","LASSO",0.326361870808385,0.18342090760264,0.613974065699104,62,89
30,15000,"THCM","ENET",0.224141922646422,0.14959658914529,0.687105872251443,86,46
30,15000,"ICM","ENET",0.323179997233062,0.180752503292883,0.621464512514329,86,89
30,15000,"THCM","MM-RWAL",0.283187709644776,0.206919114348341,0.500540786629832,3,46
30,15000,"ICM","MM-RWAL",0.403237980856457,0.245538364837904,0.410694468427692,3,89
30,15000,"THCM","RAENR-MM",0.227317530280838,0.152779822305136,0.678176995771121,41,46
30,15000,"ICM","RAENR-MM",0.314718978040699,0.186887548125978,0.641025565951241,41,89
31,15000,"THCM","Ridge",0.182650263706111,0.131527869734491,0.628935254846958,15000,46
31,15000,"ICM","Ridge",0.308161953625174,0.215620029517114,0.693043484656498,15000,89
31,15000,"THCM","LASSO",0.169902537534556,0.13030671053996,0.678923280338881,69,46
31,15000,"ICM","LASSO",0.317739803359187,0.197218542618289,0.673666196019782,69,89
31,15000,"THCM","ENET",0.168932312793937,0.131277170178695,0.682579813398888,83,46
31,15000,"ICM","ENET",0.320716434458406,0.200535116462737,0.667523274486623,83,89
31,15000,"THCM","MM-RWAL",0.203961976974161,0.148628228555474,0.537291462713242,5,46
31,15000,"ICM","MM-RWAL",0.372286073809993,0.235876100860157,0.552005791017589,5,89
31,15000,"THCM","RAENR-MM",0.157346717412153,0.120442160170454,0.724625031212949,40,46
31,15000,"ICM","RAENR-MM",0.32164014982959,0.207389797827612,0.66560534264559,40,89
32,15000,"THCM","Ridge",0.17068344604822,0.126200776689733,0.775783365897936,15000,53
32,15000,"ICM","Ridge",0.427557116272753,0.231212059539152,0.543885031502155,15000,89
32,15000,"THCM","LASSO",0.173074210133068,0.142453702824785,0.769458167879067,56,53
32,15000,"ICM","LASSO",0.484958282891176,0.244223598563974,0.413193644340571,56,89
32,15000,"THCM","ENET",0.163745366832652,0.133194794445557,0.793641166318333,130,53
32,15000,"ICM","ENET",0.464925541802403,0.229682222206962,0.460672136359653,130,89
32,15000,"THCM","MM-RWAL",0.247553466539485,0.195415634799902,0.528346514646137,6,53
32,15000,"ICM","MM-RWAL",0.553103378588433,0.305313404801137,0.236694012518244,6,89
32,15000,"THCM","RAENR-MM",0.178876852157038,0.138168346242501,0.753740319939238,31,53
32,15000,"ICM","RAENR-MM",0.452192628772255,0.219543551038539,0.48980875282147,31,89
33,15000,"THCM","Ridge",0.189115602823304,0.124073559722053,0.746449826131879,15000,49
33,15000,"ICM","Ridge",0.404558182033718,0.258919077317293,0.625366613724324,15000,89
33,15000,"THCM","LASSO",0.173989968755685,0.124061510309867,0.785386216920361,48,49
33,15000,"ICM","LASSO",0.46700733999408,0.265605512384171,0.500780072673644,48,89
33,15000,"THCM","ENET",0.172653731543728,0.120365062618964,0.788670012121027,87,49
33,15000,"ICM","ENET",0.468890231668275,0.267345500116135,0.496746423198046,87,89
33,15000,"THCM","MM-RWAL",0.274390674296653,0.193978797113958,0.466237715104171,4,49
33,15000,"ICM","MM-RWAL",0.590155149466486,0.352567286423634,0.202782356379151,4,89
33,15000,"THCM","RAENR-MM",0.184445965525894,0.131345517414737,0.758816546165248,35,49
33,15000,"ICM","RAENR-MM",0.468455525768805,0.279973116265996,0.497679118634789,35,89
34,15000,"THCM","Ridge",0.170069964925587,0.133409042135203,0.712109137946784,15000,45
34,15000,"ICM","Ridge",0.376567257172871,0.25048265229836,0.538708745998362,15000,89
34,15000,"THCM","LASSO",0.164404955270321,0.129518650793074,0.730968927790652,39,45
34,15000,"ICM","LASSO",0.379047242407599,0.21418738351517,0.532612822773913,39,89
34,15000,"THCM","ENET",0.162485878977197,0.127921907210044,0.737212995730755,117,45
34,15000,"ICM","ENET",0.371643685668834,0.210452571253524,0.55069254222096,117,89
34,15000,"THCM","MM-RWAL",0.212255490487368,0.16295752083815,0.551574292432661,4,45
34,15000,"ICM","MM-RWAL",0.438115243367825,0.27362602971859,0.375594329889253,4,89
34,15000,"THCM","RAENR-MM",0.153665740573387,0.122868048699574,0.764968137297954,43,45
34,15000,"ICM","RAENR-MM",0.366146055656369,0.213158338791931,0.563887203058141,43,89
35,15000,"THCM","Ridge",0.233832155993429,0.154245049442601,0.595199853065162,15000,38
35,15000,"ICM","Ridge",0.370492142456317,0.246605409102071,0.624781369569614,15000,89
35,15000,"THCM","LASSO",0.207218590793477,0.158573407457318,0.682100660673381,62,38
35,15000,"ICM","LASSO",0.409223659683899,0.244025634026563,0.542229438589919,62,89
35,15000,"THCM","ENET",0.201113286222152,0.147673777775501,0.700557307959341,154,38
35,15000,"ICM","ENET",0.407221949797094,0.239439616980223,0.546696838001041,154,89
35,15000,"THCM","MM-RWAL",0.290795477078356,0.226723040100068,0.373952207856531,3,38
35,15000,"ICM","MM-RWAL",0.49877085068918,0.308098997777105,0.319969300225004,3,89
35,15000,"THCM","RAENR-MM",0.219572000703312,0.158511151081738,0.643067485302971,40,38
35,15000,"ICM","RAENR-MM",0.431160148738591,0.26205087600465,0.491836325691866,40,89
36,15000,"THCM","Ridge",0.171840470765778,0.129819680267135,0.689594274876769,15000,41
36,15000,"ICM","Ridge",0.470184518539467,0.260583801685627,0.594264060737211,15000,89
36,15000,"THCM","LASSO",0.155962318235684,0.113411247659267,0.744307388336579,74,41
36,15000,"ICM","LASSO",0.559679454480806,0.266881900781612,0.425108937821649,74,89
36,15000,"THCM","ENET",0.154533102918565,0.110639641291397,0.748972173823288,83,41
36,15000,"ICM","ENET",0.563446585220464,0.267205002993282,0.417343856344297,83,89
36,15000,"THCM","MM-RWAL",0.19099240432042,0.149976364050028,0.616548000258065,2,41
36,15000,"ICM","MM-RWAL",0.64167176052185,0.323697279312545,0.244329129804488,2,89
36,15000,"THCM","RAENR-MM",0.168671475041138,0.120327596044376,0.700937402563906,47,41
36,15000,"ICM","RAENR-MM",0.55890005900739,0.269735109517351,0.42670898050411,47,89
37,15000,"THCM","Ridge",0.178258446925023,0.134529714332673,0.810399732006061,15000,55
37,15000,"ICM","Ridge",0.31520142739076,0.205373164741901,0.703446431486465,15000,89
37,15000,"THCM","LASSO",0.172980436199921,0.13139040092213,0.821461169407223,63,55
37,15000,"ICM","LASSO",0.381050841084132,0.228276507759909,0.566596262201617,63,89
37,15000,"THCM","ENET",0.168979311552781,0.129336738514427,0.829625033744993,86,55
37,15000,"ICM","ENET",0.365096443179883,0.220276445454697,0.602129254778574,86,89
37,15000,"THCM","MM-RWAL",0.245337096025468,0.180738318048181,0.640858865050193,4,55
37,15000,"ICM","MM-RWAL",0.46731037928856,0.286619057457451,0.34816502768399,4,89
37,15000,"THCM","RAENR-MM",0.172709087640907,0.138296439734424,0.822020865722858,33,55
37,15000,"ICM","RAENR-MM",0.373072996447994,0.23277147024672,0.584554141436022,33,89
38,15000,"THCM","Ridge",0.146275619368338,0.112819580046583,0.718469202602813,15000,49
38,15000,"ICM","Ridge",0.426422082267099,0.228034565781412,0.537384286862045,15000,89
38,15000,"THCM","LASSO",0.138305880689805,0.110411008744502,0.748311535088328,66,49
38,15000,"ICM","LASSO",0.460454876483473,0.23112636432008,0.460594760920626,66,89
38,15000,"THCM","ENET",0.130057955789485,0.106183479354775,0.777435514057261,76,49
38,15000,"ICM","ENET",0.456725086888214,0.230189510477727,0.469297979652743,76,89
38,15000,"THCM","MM-RWAL",0.153142875586289,0.117728322610582,0.691414429670961,4,49
38,15000,"ICM","MM-RWAL",0.499370499044974,0.264748029296436,0.365565529490383,4,89
38,15000,"THCM","RAENR-MM",0.126079244490388,0.103014259196073,0.79084453609101,44,49
38,15000,"ICM","RAENR-MM",0.44869408943994,0.227823201889319,0.48779748785458,44,89
39,15000,"THCM","Ridge",0.169966837790309,0.134136835089527,0.756276592969577,15000,41
39,15000,"ICM","Ridge",0.352521255235234,0.232879701460111,0.582277448467878,15000,89
39,15000,"THCM","LASSO",0.131098447050375,0.103680894407177,0.855001354283045,66,41
39,15000,"ICM","LASSO",0.346559777764807,0.200957964075246,0.59628617742854,66,89
39,15000,"THCM","ENET",0.126254298742478,0.099108484687973,0.86551891647593,75,41
39,15000,"ICM","ENET",0.336445329488731,0.195383986836552,0.619507313073108,75,89
39,15000,"THCM","MM-RWAL",0.195446455012381,0.158549582052082,0.677726610452833,5,41
39,15000,"ICM","MM-RWAL",0.445431734514058,0.280678591174664,0.333070978713212,5,89
39,15000,"THCM","RAENR-MM",0.139736837740862,0.110672234191351,0.835263181888637,34,41
39,15000,"ICM","RAENR-MM",0.33758388669977,0.201304848578493,0.616927721875564,34,89
40,15000,"THCM","Ridge",0.209736701113123,0.142811108249556,0.51172288999267,15000,45
40,15000,"ICM","Ridge",0.494779641058836,0.284978402274558,0.509314864758767,15000,89
40,15000,"THCM","LASSO",0.198138007830775,0.128739677894543,0.564234258987245,70,45
40,15000,"ICM","LASSO",0.571719877394695,0.282913142655474,0.344842309767945,70,89
40,15000,"THCM","ENET",0.193729490108724,0.124722583494497,0.583409875451583,101,45
40,15000,"ICM","ENET",0.556364638433294,0.276100005700765,0.379562130716775,101,89
40,15000,"THCM","MM-RWAL",0.247556722423442,0.18039961650545,0.319752509933221,3,45
40,15000,"ICM","MM-RWAL",0.63957862977499,0.361882882368868,0.180088179082758,3,89
40,15000,"THCM","RAENR-MM",0.177016974956274,0.11766334471275,0.652185783432517,48,45
40,15000,"ICM","RAENR-MM",0.524882901510047,0.271826354021039,0.44779019926354,48,89
41,15000,"THCM","Ridge",0.190932810850735,0.113745542947367,0.769622789185823,15000,41
41,15000,"ICM","Ridge",0.38659403906808,0.246369329992684,0.681911474870385,15000,89
41,15000,"THCM","LASSO",0.171403161233354,0.108312076480689,0.814340986458152,90,41
41,15000,"ICM","LASSO",0.460062438727573,0.25440893503277,0.549524422931225,90,89
41,15000,"THCM","ENET",0.180179581403349,0.110033852062125,0.794841492531805,76,41
41,15000,"ICM","ENET",0.467345230931256,0.260589725269016,0.535149474425195,76,89
41,15000,"THCM","MM-RWAL",0.317348137052374,0.21093770714898,0.363570517531585,2,41
41,15000,"ICM","MM-RWAL",0.561079558656477,0.334190743991673,0.329981816296818,2,89
41,15000,"THCM","RAENR-MM",0.191239283316035,0.125271607268213,0.768882623720925,41,41
41,15000,"ICM","RAENR-MM",0.46614045189798,0.274638236835911,0.537543080939612,41,89
42,15000,"THCM","Ridge",0.17821694772541,0.124688383244786,0.78800451205942,15000,42
42,15000,"ICM","Ridge",0.375234241579848,0.240168271663724,0.599082755832665,15000,89
42,15000,"THCM","LASSO",0.162437138408136,0.1197781727639,0.823883812640984,88,42
42,15000,"ICM","LASSO",0.405879025544294,0.233291704603493,0.530924198462113,88,89
42,15000,"THCM","ENET",0.169553374375596,0.124211957767279,0.808114795382307,112,42
42,15000,"ICM","ENET",0.397769408375487,0.230831011325333,0.549481561628653,112,89
42,15000,"THCM","MM-RWAL",0.227969836718417,0.172410791824779,0.653116700683607,4,42
42,15000,"ICM","MM-RWAL",0.515014105792704,0.318526354015086,0.244754650739387,4,89
42,15000,"THCM","RAENR-MM",0.154111455749431,0.113019930058882,0.84147474494621,41,42
42,15000,"ICM","RAENR-MM",0.401464904717546,0.238669476113864,0.54107154781819,41,89
43,15000,"THCM","Ridge",0.186337720344149,0.127659118121522,0.501807929360815,15000,47
43,15000,"ICM","Ridge",0.422154377303272,0.239055665300035,0.503356341572846,15000,89
43,15000,"THCM","LASSO",0.161275033362055,0.126635469201562,0.626810397176568,48,47
43,15000,"ICM","LASSO",0.453976854767377,0.231562933408777,0.425659126846599,48,89
43,15000,"THCM","ENET",0.153780869293829,0.121083098313105,0.66068748517832,60,47
43,15000,"ICM","ENET",0.443136154946937,0.224791550636373,0.452761465926008,60,89
43,15000,"THCM","MM-RWAL",0.221499883312869,0.174873838332799,0.29604927849101,2,47
43,15000,"ICM","MM-RWAL",0.517967780101149,0.29135022474459,0.252333724166592,2,89
43,15000,"THCM","RAENR-MM",0.140186151064935,0.113884112669346,0.718028328496332,39,47
43,15000,"ICM","RAENR-MM",0.425767462956236,0.216568402953848,0.494818730247161,39,89
44,15000,"THCM","Ridge",0.206452191136639,0.145635709131329,0.696811353407308,15000,65
44,15000,"ICM","Ridge",0.445474619116799,0.223276151373347,0.545082289200159,15000,89
44,15000,"THCM","LASSO",0.194510803799255,0.131768912094058,0.730870441835029,43,65
44,15000,"ICM","LASSO",0.519877205572477,0.227757721853952,0.380432731011728,43,89
44,15000,"THCM","ENET",0.195059423590921,0.132102881537126,0.729350135269403,67,65
44,15000,"ICM","ENET",0.516170087927877,0.228313590468823,0.389237193829616,67,89
44,15000,"THCM","MM-RWAL",0.280442841980242,0.184346480375614,0.440548219397031,3,65
44,15000,"ICM","MM-RWAL",0.588783638344376,0.286218446258442,0.205308842714486,3,89
44,15000,"THCM","RAENR-MM",0.18237044013108,0.129826261333014,0.763417381762834,38,65
44,15000,"ICM","RAENR-MM",0.50846286087821,0.226624732774234,0.40734031194959,38,89
45,15000,"THCM","Ridge",0.189877121529871,0.12668694877182,0.770818313365365,15000,64
45,15000,"ICM","Ridge",0.382393867801479,0.196017853144371,0.559554820307638,15000,89
45,15000,"THCM","LASSO",0.153940582152804,0.110156425188111,0.849359800654478,82,64
45,15000,"ICM","LASSO",0.374667551099631,0.165825662228094,0.577173511487417,82,89
45,15000,"THCM","ENET",0.153447775685402,0.110109975486946,0.850322738921998,104,64
45,15000,"ICM","ENET",0.375625013469193,0.168500030793332,0.575009685263335,104,89
45,15000,"THCM","MM-RWAL",0.291939749865057,0.22175419962529,0.458222336734966,5,64
45,15000,"ICM","MM-RWAL",0.463285887817793,0.273527050075485,0.353500541157117,5,89
45,15000,"THCM","RAENR-MM",0.144541066468822,0.109271898499824,0.867194169494744,54,64
45,15000,"ICM","RAENR-MM",0.388412946426725,0.178823956710651,0.54558002083684,54,89
46,15000,"THCM","Ridge",0.126954424368603,0.0952593948261567,0.848249638140143,15000,45
46,15000,"ICM","Ridge",0.442345663088299,0.239474946674439,0.522228883196909,15000,89
46,15000,"THCM","LASSO",0.144803607993248,0.114953528026973,0.802579239666122,93,45
46,15000,"ICM","LASSO",0.480953744276945,0.234594336382309,0.435189236665568,93,89
46,15000,"THCM","ENET",0.141073310232233,0.111689509362132,0.812619769833509,84,45
46,15000,"ICM","ENET",0.485078059454376,0.236112758828706,0.425460877079023,84,89
46,15000,"THCM","MM-RWAL",0.253125672249775,0.195005180974978,0.396737343861127,4,45
46,15000,"ICM","MM-RWAL",0.560523956856458,0.325613145499032,0.232842204871344,4,89
46,15000,"THCM","RAENR-MM",0.151662908341301,0.118049011113947,0.783432734029812,29,45
46,15000,"ICM","RAENR-MM",0.487360729316705,0.249549888079712,0.420040846675556,29,89
47,15000,"THCM","Ridge",0.13501825291269,0.102660293778783,0.787539018702122,15000,38
47,15000,"ICM","Ridge",0.293639561903645,0.202823999720941,0.733622816984086,15000,89
47,15000,"THCM","LASSO",0.149907724171886,0.119454414318442,0.738095936412955,83,38
47,15000,"ICM","LASSO",0.342600892414036,0.20757989155198,0.637385750198168,83,89
47,15000,"THCM","ENET",0.144474571430589,0.116730256160419,0.756736447553503,108,38
47,15000,"ICM","ENET",0.336802518916693,0.204964195165232,0.649556064572993,108,89
47,15000,"THCM","MM-RWAL",0.248450792502669,0.206070503342497,0.280592456070409,3,38
47,15000,"ICM","MM-RWAL",0.478924054532372,0.330186111574702,0.291399934629751,3,89
47,15000,"THCM","RAENR-MM",0.127667136572053,0.108932842393084,0.810044247318172,48,38
47,15000,"ICM","RAENR-MM",0.336276477448955,0.210889687133907,0.650649904838697,48,89
48,15000,"THCM","Ridge",0.176212722476712,0.12720669718138,0.739421806103235,15000,41
48,15000,"ICM","Ridge",0.335478380388786,0.225452252763818,0.642277539792252,15000,89
48,15000,"THCM","LASSO",0.152999963911434,0.123079341048391,0.803552636654106,120,41
48,15000,"ICM","LASSO",0.338923325029819,0.200659264254195,0.634893091721622,120,89
48,15000,"THCM","ENET",0.158216519722759,0.12830310129142,0.789928468440842,79,41
48,15000,"ICM","ENET",0.336484913760197,0.200742496647464,0.640127775413461,79,89
48,15000,"THCM","MM-RWAL",0.261427371851394,0.197425063529855,0.426457425650923,2,41
48,15000,"ICM","MM-RWAL",0.447503031158789,0.299501402311302,0.363484335119767,2,89
48,15000,"THCM","RAENR-MM",0.155307825221292,0.117504737396285,0.797581489819705,37,41
48,15000,"ICM","RAENR-MM",0.352720844329094,0.212599631724683,0.604561104531371,37,89
49,15000,"THCM","Ridge",0.162822700567909,0.11779835811122,0.710193534373442,15000,52
49,15000,"ICM","Ridge",0.319436755832349,0.20338488724288,0.525227344111624,15000,89
49,15000,"THCM","LASSO",0.146919627157229,0.11070541051439,0.764040320163103,38,52
49,15000,"ICM","LASSO",0.321977971815222,0.19105226163892,0.517643377176912,38,89
49,15000,"THCM","ENET",0.146202917158911,0.112742725111258,0.76633684341995,87,52
49,15000,"ICM","ENET",0.301850642566317,0.186167894320706,0.576064159390445,87,89
49,15000,"THCM","MM-RWAL",0.253592934073635,0.208687598255742,0.297004637391064,4,52
49,15000,"ICM","MM-RWAL",0.39220652078469,0.27221565064375,0.284276058495891,4,89
49,15000,"THCM","RAENR-MM",0.143053515164863,0.105104493822631,0.77629523699814,48,52
49,15000,"ICM","RAENR-MM",0.308585774822154,0.191317545845242,0.556934709188662,48,89
50,15000,"THCM","Ridge",0.113320082000962,0.0940449029273592,0.698066993270825,15000,35
50,15000,"ICM","Ridge",0.266705094244888,0.190369551320635,0.629440899306576,15000,89
50,15000,"THCM","LASSO",0.120952284242222,0.0942449045366286,0.65602650361698,116,35
50,15000,"ICM","LASSO",0.266580546957112,0.167888378557082,0.629786909606119,116,89
50,15000,"THCM","ENET",0.129559737697615,0.106222763972402,0.605327422652932,79,35
50,15000,"ICM","ENET",0.272237878411213,0.176965957032791,0.613906967160568,79,89
50,15000,"THCM","MM-RWAL",0.205963497571162,0.17151431841604,0.00258166350450606,3,35
50,15000,"ICM","MM-RWAL",0.331114132586237,0.243610063224013,0.428849847749621,3,89
50,15000,"THCM","RAENR-MM",0.112941727882532,0.0905691688186226,0.700079820755766,50,35
50,15000,"ICM","RAENR-MM",0.26252487914148,0.178524948442066,0.640965819440313,50,89
51,15000,"THCM","Ridge",0.209142571831457,0.141665542739797,0.66248756770913,15000,40
51,15000,"ICM","Ridge",0.319680031795455,0.225915395365497,0.685269313659825,15000,89
51,15000,"THCM","LASSO",0.180829849139385,0.118453620658208,0.747683805322186,53,40
51,15000,"ICM","LASSO",0.317558980655866,0.190749880510601,0.689431883804079,53,89
51,15000,"THCM","ENET",0.181653346965734,0.118003989707458,0.745380480319649,77,40
51,15000,"ICM","ENET",0.311080188636466,0.190681752318557,0.701974945125109,77,89
51,15000,"THCM","MM-RWAL",0.259152027811893,0.163707029975524,0.48178007259499,4,40
51,15000,"ICM","MM-RWAL",0.386698897820152,0.240922519357508,0.539474229524265,4,89
51,15000,"THCM","RAENR-MM",0.186015312575588,0.126378965884412,0.733005522274888,36,40
51,15000,"ICM","RAENR-MM",0.303061164291815,0.195397423094606,0.717141884215534,36,89
52,15000,"THCM","Ridge",0.222563657795896,0.151378544811945,0.683335566684639,15000,49
52,15000,"ICM","Ridge",0.581627845784902,0.302757859738852,0.459758104502518,15000,89
52,15000,"THCM","LASSO",0.199943475995047,0.138602560239313,0.744432712767281,78,49
52,15000,"ICM","LASSO",0.649984060938043,0.290469353029256,0.325311522280961,78,89
52,15000,"THCM","ENET",0.19828442258238,0.141967084475836,0.748656313313267,108,49
52,15000,"ICM","ENET",0.642169079724009,0.287163245400523,0.341438010566814,108,89
52,15000,"THCM","MM-RWAL",0.263459402109269,0.188887758511407,0.556270613935298,6,49
52,15000,"ICM","MM-RWAL",0.698897246173474,0.342381295711963,0.219946233722952,6,89
52,15000,"THCM","RAENR-MM",0.199680659871855,0.138470522144022,0.745104133120207,40,49
52,15000,"ICM","RAENR-MM",0.631562806561385,0.29649410422584,0.363012409678943,40,89
53,15000,"THCM","Ridge",0.183662563844052,0.137917072796782,0.752754352800704,15000,53
53,15000,"ICM","Ridge",0.320250490846829,0.215629105842569,0.611091078021427,15000,89
53,15000,"THCM","LASSO",0.1802676116962,0.132218906314466,0.761810408678335,44,53
53,15000,"ICM","LASSO",0.333061722119972,0.200383851966941,0.579353049465537,44,89
53,15000,"THCM","ENET",0.181392607810738,0.138505185734643,0.758828192420867,178,53
53,15000,"ICM","ENET",0.315547946737397,0.20122088274755,0.622428665017809,178,89
53,15000,"THCM","MM-RWAL",0.257251683771481,0.194818220844247,0.514930663882378,5,53
53,15000,"ICM","MM-RWAL",0.408113505970245,0.269123242740905,0.368417288938677,5,89
53,15000,"THCM","RAENR-MM",0.167832282416337,0.120955306068822,0.793538836301637,44,53
53,15000,"ICM","RAENR-MM",0.30579781393476,0.187776646201317,0.645401371777925,44,89
54,15000,"THCM","Ridge",0.221381797849535,0.157196132653327,0.638237685070801,15000,55
54,15000,"ICM","Ridge",0.289494560285743,0.196783420134336,0.643279530143722,15000,89
54,15000,"THCM","LASSO",0.223278254814863,0.159851922695701,0.632013097070802,47,55
54,15000,"ICM","LASSO",0.285319573352828,0.181907195855967,0.653494327957678,47,89
54,15000,"THCM","ENET",0.221619944183209,0.159407001686861,0.637458951606666,104,55
54,15000,"ICM","ENET",0.27985680833305,0.182381381891032,0.666635791686249,104,89
54,15000,"THCM","MM-RWAL",0.287610350209246,0.19781779581322,0.389411633010364,4,55
54,15000,"ICM","MM-RWAL",0.379188279067965,0.255761226993409,0.387992103987144,4,89
54,15000,"THCM","RAENR-MM",0.228198699682331,0.159114013870941,0.615615528308644,51,55
54,15000,"ICM","RAENR-MM",0.288058263254857,0.190466721604569,0.646810412032775,51,89
55,15000,"THCM","Ridge",0.226996322181264,0.15561994615065,0.692649239105427,15000,40
55,15000,"ICM","Ridge",0.511706904170782,0.281685099427022,0.524119919783272,15000,89
55,15000,"THCM","LASSO",0.217929064042989,0.143562094554467,0.716712795737047,45,40
55,15000,"ICM","LASSO",0.623073011927351,0.299010643647192,0.294441783785671,45,89
55,15000,"THCM","ENET",0.219126270886284,0.144931652991573,0.713591734660332,77,40
55,15000,"ICM","ENET",0.618009938999242,0.297175286871428,0.305861885324369,77,89
55,15000,"THCM","MM-RWAL",0.297952295829317,0.181888911774827,0.470470544090228,5,40
55,15000,"ICM","MM-RWAL",0.684900060151363,0.34174720067104,0.147470567436988,5,89
55,15000,"THCM","RAENR-MM",0.223506784022867,0.158380132793168,0.702026206213052,63,40
55,15000,"ICM","RAENR-MM",0.618533307800083,0.304802413823059,0.304685709868249,63,89
56,15000,"THCM","Ridge",0.171223068948891,0.134976408956382,0.644540795787722,15000,36
56,15000,"ICM","Ridge",0.303427609983009,0.214606240307178,0.645257031667314,15000,89
56,15000,"THCM","LASSO",0.181243460114778,0.132413151075747,0.601718714889566,40,36
56,15000,"ICM","LASSO",0.328267540021557,0.186675727844646,0.584797954497896,40,89
56,15000,"THCM","ENET",0.167614455445781,0.125505323418474,0.659365876972498,103,36
56,15000,"ICM","ENET",0.320569014234082,0.182979335356059,0.604044220382234,103,89
56,15000,"THCM","MM-RWAL",0.238276384454927,0.186059193305965,0.311621633199728,3,36
56,15000,"ICM","MM-RWAL",0.390089117103515,0.2478065436272,0.41368464000645,3,89
56,15000,"THCM","RAENR-MM",0.165828906195783,0.128461989164914,0.666584579071052,44,36
56,15000,"ICM","RAENR-MM",0.33642103594131,0.213078317318524,0.563916262969834,44,89
57,15000,"THCM","Ridge",0.161981735921526,0.117205722589321,0.595738382883977,15000,39
57,15000,"ICM","Ridge",0.490799775677308,0.278661548804332,0.536607035371878,15000,89
57,15000,"THCM","LASSO",0.139324529952042,0.117022499590925,0.700921231172061,71,39
57,15000,"ICM","LASSO",0.56384033526716,0.275612266706483,0.388420378149863,71,89
57,15000,"THCM","ENET",0.141551423905639,0.113248597441861,0.691284172400745,212,39
57,15000,"ICM","ENET",0.54593526072174,0.269384536455057,0.426645777272681,212,89
57,15000,"THCM","MM-RWAL",0.190979098984048,0.149174370199521,0.43804428631988,6,39
57,15000,"ICM","MM-RWAL",0.641070754551764,0.324992980969358,0.20940756436426,6,89
57,15000,"THCM","RAENR-MM",0.133238811925016,0.109850217216627,0.726478219973069,32,39
57,15000,"ICM","RAENR-MM",0.548789474761172,0.269079982006497,0.420634978431881,32,89
58,15000,"THCM","Ridge",0.165260886807001,0.11780212200184,0.733541268309959,15000,52
58,15000,"ICM","Ridge",0.283638107275565,0.192270048856552,0.609830632805116,15000,89
58,15000,"THCM","LASSO",0.155989730498039,0.112264204645366,0.762599398998336,91,52
58,15000,"ICM","LASSO",0.269583905815153,0.175680573235827,0.647538297733359,91,89
58,15000,"THCM","ENET",0.149335686525384,0.109502975667274,0.782420986047399,131,52
58,15000,"ICM","ENET",0.262754877919933,0.16741723233484,0.665169056640481,131,89
58,15000,"THCM","MM-RWAL",0.26962084551369,0.222227122331622,0.290754267823555,3,52
58,15000,"ICM","MM-RWAL",0.356919289728199,0.272898507116309,0.382177028275179,3,89
58,15000,"THCM","RAENR-MM",0.146791907235196,0.118207751370367,0.789770322055037,46,52
58,15000,"ICM","RAENR-MM",0.27120856774628,0.186571801667048,0.643277237680594,46,89
59,15000,"THCM","Ridge",0.233959792299117,0.161213740068289,0.662586379385679,15000,50
59,15000,"ICM","Ridge",0.478330382333151,0.273935426599151,0.556009790229263,15000,89
59,15000,"THCM","LASSO",0.227643822377312,0.15921657254178,0.680558089713163,57,50
59,15000,"ICM","LASSO",0.552365336223051,0.281793569768,0.407933767133357,57,89
59,15000,"THCM","ENET",0.226204194477427,0.158558129606099,0.684585638895833,65,50
59,15000,"ICM","ENET",0.549675237103535,0.283351197737889,0.413686620785688,65,89
59,15000,"THCM","MM-RWAL",0.321072457821149,0.244775693594725,0.364542864112692,2,50
59,15000,"ICM","MM-RWAL",0.651669164652329,0.374486066701165,0.175915390782813,2,89
59,15000,"THCM","RAENR-MM",0.220864360589848,0.150767193358679,0.69930137623164,42,50
59,15000,"ICM","RAENR-MM",0.537361757196555,0.278408511486067,0.439660845298662,42,89
60,15000,"THCM","Ridge",0.177094608079885,0.120483397864194,0.769182058858838,15000,37
60,15000,"ICM","Ridge",0.603147083119908,0.318725777514662,0.467744150781668,15000,89
60,15000,"THCM","LASSO",0.198368180718711,0.122383738186137,0.710397100112527,73,37
60,15000,"ICM","LASSO",0.679943866429287,0.331478693669903,0.323574299531851,73,89
60,15000,"THCM","ENET",0.19532811692544,0.127118195379017,0.71920561947483,116,37
60,15000,"ICM","ENET",0.675165335126293,0.32919926627049,0.333048503026996,116,89
60,15000,"THCM","MM-RWAL",0.273909835770645,0.195981462590263,0.447828304658737,5,37
60,15000,"ICM","MM-RWAL",0.764327122544388,0.41503081139107,0.145262966672378,5,89
60,15000,"THCM","RAENR-MM",0.160127079907737,0.100949768436938,0.811292807518404,41,37
60,15000,"ICM","RAENR-MM",0.673693952291501,0.325816573693104,0.335952300419132,41,89
61,15000,"THCM","Ridge",0.15615681128077,0.116787619504625,0.730509525467667,15000,44
61,15000,"ICM","Ridge",0.360174911475643,0.238606547632996,0.688658856768491,15000,89
61,15000,"THCM","LASSO",0.156330639295642,0.126950385884326,0.729909217778334,97,44
61,15000,"ICM","LASSO",0.437611032926401,0.259029717843283,0.540393539102408,97,89
61,15000,"THCM","ENET",0.15742870782795,0.122954908046435,0.726101649731828,74,44
61,15000,"ICM","ENET",0.445407903705739,0.268001323663384,0.523870118672644,74,89
61,15000,"THCM","MM-RWAL",0.224896797441786,0.170736529059243,0.441030518493782,5,44
61,15000,"ICM","MM-RWAL",0.540049130156331,0.336290450645008,0.300035295505401,5,89
61,15000,"THCM","RAENR-MM",0.161942194294116,0.117790413602848,0.710171163027355,41,44
61,15000,"ICM","RAENR-MM",0.435837149968646,0.272664285425406,0.544112072672805,41,89
62,15000,"THCM","Ridge",0.158386323439373,0.118856177392641,0.732566902401661,15000,53
62,15000,"ICM","Ridge",0.460794922993912,0.248185345212652,0.594777558117548,15000,89
62,15000,"THCM","LASSO",0.1377470187429,0.106776512908916,0.79772406588698,45,53
62,15000,"ICM","LASSO",0.55658555661676,0.249939431128392,0.408789711974315,45,89
62,15000,"THCM","ENET",0.135075537031662,0.105988274288398,0.805493909496358,79,53
62,15000,"ICM","ENET",0.544896973935001,0.242004099066958,0.433360415143652,79,89
62,15000,"THCM","MM-RWAL",0.196004737843752,0.155199200576214,0.590444334893353,4,53
62,15000,"ICM","MM-RWAL",0.626970885156383,0.334311583344998,0.249807244145481,4,89
62,15000,"THCM","RAENR-MM",0.133883042387507,0.106838667587623,0.808913086929591,42,53
62,15000,"ICM","RAENR-MM",0.554362814730564,0.255945064119429,0.413502316854711,42,89
63,15000,"THCM","Ridge",0.163652715301215,0.125035400190314,0.730498946200794,15000,47
63,15000,"ICM","Ridge",0.442245974857031,0.242481157681653,0.532896922615794,15000,89
63,15000,"THCM","LASSO",0.176724625290582,0.130291761138928,0.685726200720103,47,47
63,15000,"ICM","LASSO",0.506950493891539,0.226325606398799,0.386215309282288,47,89
63,15000,"THCM","ENET",0.178354007623749,0.125365674112706,0.679904343114223,148,47
63,15000,"ICM","ENET",0.500840910449379,0.225607292770876,0.400920382841485,148,89
63,15000,"THCM","MM-RWAL",0.230691548477631,0.189602796050075,0.464477891267757,4,47
63,15000,"ICM","MM-RWAL",0.547928382172226,0.280677883397192,0.282977894499821,4,89
63,15000,"THCM","RAENR-MM",0.175018866455669,0.1255758848167,0.691763708962559,45,47
63,15000,"ICM","RAENR-MM",0.495115751779796,0.227427325799305,0.414538369969941,45,89
64,15000,"THCM","Ridge",0.174178200351391,0.106525339682573,0.788942360898382,15000,51
64,15000,"ICM","Ridge",0.313133470978197,0.198664591110342,0.68621674846205,15000,89
64,15000,"THCM","LASSO",0.168396801004548,0.118738169504122,0.802720866430992,63,51
64,15000,"ICM","LASSO",0.351446212414551,0.196519881142492,0.604734864077402,63,89
64,15000,"THCM","ENET",0.159456548708336,0.11688532617465,0.823112070826566,161,51
64,15000,"ICM","ENET",0.342966257273577,0.193860192019488,0.623579243533253,161,89
64,15000,"THCM","MM-RWAL",0.288174038073465,0.199061097730578,0.422272311750702,2,51
64,15000,"ICM","MM-RWAL",0.439527888144129,0.271013616153079,0.381779150318694,2,89
64,15000,"THCM","RAENR-MM",0.146874443622923,0.107635539156637,0.849925831183222,50,51
64,15000,"ICM","RAENR-MM",0.365335913634264,0.21589890211497,0.572874491822403,50,89
65,15000,"THCM","Ridge",0.208749655861003,0.141092338274781,0.643182126500808,15000,47
65,15000,"ICM","Ridge",0.338189551152953,0.235158129926699,0.589223833820047,15000,89
65,15000,"THCM","LASSO",0.200344580105161,0.147023904050939,0.671337419866448,49,47
65,15000,"ICM","LASSO",0.342741412138071,0.218957887918405,0.57809173790425,49,89
65,15000,"THCM","ENET",0.195937207399267,0.140892811736926,0.685638833093491,93,47
65,15000,"ICM","ENET",0.336999443889976,0.214155160087135,0.592109833823718,93,89
65,15000,"THCM","MM-RWAL",0.298251991160869,0.204338034710203,0.271613701532461,2,47
65,15000,"ICM","MM-RWAL",0.414113351233568,0.278210006934716,0.384081382430832,2,89
65,15000,"THCM","RAENR-MM",0.193900335721594,0.140415717696282,0.69214076467263,48,47
65,15000,"ICM","RAENR-MM",0.351718226141788,0.227304168708575,0.555701737405099,48,89
66,15000,"THCM","Ridge",0.151177152091622,0.121195623986712,0.779675288622461,15000,44
66,15000,"ICM","Ridge",0.456935276693931,0.249892272238985,0.505405179347237,15000,89
66,15000,"THCM","LASSO",0.154923359328956,0.12284772249629,0.76862059415024,73,44
66,15000,"ICM","LASSO",0.472386989766945,0.226688188094218,0.471389185375322,73,89
66,15000,"THCM","ENET",0.147057300001477,0.11809298490692,0.791520159384506,113,44
66,15000,"ICM","ENET",0.473746239874965,0.230253596286048,0.468342750770317,113,89
66,15000,"THCM","MM-RWAL",0.244962104490204,0.189433601032565,0.421519532847536,3,44
66,15000,"ICM","MM-RWAL",0.508313245609151,0.263877416939218,0.387927254887682,3,89
66,15000,"THCM","RAENR-MM",0.147767552805882,0.114113324264631,0.789501477257155,56,44
66,15000,"ICM","RAENR-MM",0.500102054338566,0.250126271209232,0.407542140638849,56,89
67,15000,"THCM","Ridge",0.214305972673646,0.148212306457736,0.615012371314886,15000,45
67,15000,"ICM","Ridge",0.285038354102555,0.198252559531681,0.689479944973886,15000,89
67,15000,"THCM","LASSO",0.19869919137645,0.142318022785501,0.669043874568488,72,45
67,15000,"ICM","LASSO",0.309080509696569,0.19007116224229,0.634887845495235,72,89
67,15000,"THCM","ENET",0.200075084621946,0.1405964749393,0.664444591940736,90,45
67,15000,"ICM","ENET",0.308367032800389,0.187699597794436,0.636571538982615,90,89
67,15000,"THCM","MM-RWAL",0.248013597324487,0.174246110725832,0.484380649598187,4,45
67,15000,"ICM","MM-RWAL",0.38973686073985,0.243550490778326,0.419468196855397,4,89
67,15000,"THCM","RAENR-MM",0.20852985451911,0.146722920821115,0.635485587429444,45,45
67,15000,"ICM","RAENR-MM",0.325581979078805,0.209745433324479,0.594861264072405,45,89
68,15000,"THCM","Ridge",0.223669667437152,0.151972057135941,0.604054781045036,15000,50
68,15000,"ICM","Ridge",0.484806269362658,0.274696907474393,0.549777165172035,15000,89
68,15000,"THCM","LASSO",0.195266046003803,0.134779392413234,0.698231166848839,48,50
68,15000,"ICM","LASSO",0.582643063721873,0.267120087297582,0.349726247359491,48,89
68,15000,"THCM","ENET",0.186356428600359,0.132403915391916,0.725141180465518,168,50
68,15000,"ICM","ENET",0.545023586385353,0.256402387816433,0.430987695512179,168,89
68,15000,"THCM","MM-RWAL",0.286472185887585,0.226700845249144,0.350489998465743,2,50
68,15000,"ICM","MM-RWAL",0.674716114081801,0.352314837013738,0.127966381048891,2,89
68,15000,"THCM","RAENR-MM",0.195029435080189,0.132383219915626,0.698962052158584,33,50
68,15000,"ICM","RAENR-MM",0.583211924227743,0.271890501409479,0.348455844736549,33,89
69,15000,"THCM","Ridge",0.179086555906822,0.13320281236188,0.748690760655357,15000,46
69,15000,"ICM","Ridge",0.369553867601176,0.247883298518337,0.666372317851171,15000,89
69,15000,"THCM","LASSO",0.17618827565184,0.134055039132262,0.756759158545576,162,46
69,15000,"ICM","LASSO",0.389850043256595,0.231243775991216,0.628719835212897,162,89
69,15000,"THCM","ENET",0.171089262685346,0.13124046245094,0.770634551698891,188,46
69,15000,"ICM","ENET",0.384174196574236,0.232442143808291,0.639452110200932,188,89
69,15000,"THCM","MM-RWAL",0.230152360956734,0.170506314708299,0.584937635796574,3,46
69,15000,"ICM","MM-RWAL",0.497139706092376,0.302839780920911,0.396241195375723,3,89
69,15000,"THCM","RAENR-MM",0.151187143923807,0.113523324340991,0.820893143149466,57,46
69,15000,"ICM","RAENR-MM",0.390207723083141,0.241903684427154,0.628038238031197,57,89
70,15000,"THCM","Ridge",0.179496453248899,0.131536957581842,0.629461837123565,15000,44
70,15000,"ICM","Ridge",0.366326459121764,0.247520731220766,0.55322069895185,15000,89
70,15000,"THCM","LASSO",0.155627219750232,0.123517780016923,0.721456955173837,56,44
70,15000,"ICM","LASSO",0.365269844438279,0.210934515951967,0.555794320074252,56,89
70,15000,"THCM","ENET",0.154062032281662,0.11610101267419,0.727031554989175,155,44
70,15000,"ICM","ENET",0.359326945486361,0.219136697487811,0.570131086829371,155,89
70,15000,"THCM","MM-RWAL",0.211876744887347,0.166205049140039,0.483717047414016,6,44
70,15000,"ICM","MM-RWAL",0.422818516632358,0.265478704941712,0.404797886577387,6,89
70,15000,"THCM","RAENR-MM",0.147555203966069,0.10855152847147,0.749602342118687,50,44
70,15000,"ICM","RAENR-MM",0.372462145796271,0.225113771222793,0.538128941035699,50,89
71,15000,"THCM","Ridge",0.218462035654418,0.135740028513307,0.552457359841163,15000,48
71,15000,"ICM","Ridge",0.463150416775857,0.234829077341112,0.571519329381324,15000,89
71,15000,"THCM","LASSO",0.172671666734386,0.124394007437255,0.7204080716208,53,48
71,15000,"ICM","LASSO",0.542425535885572,0.235053529809449,0.41228419491479,53,89
71,15000,"THCM","ENET",0.182640613412308,0.129654836915517,0.687192482627171,91,48
71,15000,"ICM","ENET",0.534262572199659,0.236785204968325,0.429840167640901,91,89
71,15000,"THCM","MM-RWAL",0.24985186552785,0.174760090180904,0.414606817676074,4,48
71,15000,"ICM","MM-RWAL",0.613116052467302,0.299594329915054,0.249116622385722,4,89
71,15000,"THCM","RAENR-MM",0.177319366498104,0.119437425368874,0.705154292602153,39,48
71,15000,"ICM","RAENR-MM",0.532262968888,0.231207445579914,0.434100095302626,39,89
72,15000,"THCM","Ridge",0.216042325280942,0.165503431051173,0.699593546699865,15000,50
72,15000,"ICM","Ridge",0.364742824798679,0.251345572459217,0.602377595243693,15000,89
72,15000,"THCM","LASSO",0.21142847059043,0.155193031958718,0.712287647259381,76,50
72,15000,"ICM","LASSO",0.409472903888685,0.232481368809302,0.498873153054928,76,89
72,15000,"THCM","ENET",0.209867182508514,0.151509289392037,0.716521167052706,76,50
72,15000,"ICM","ENET",0.416020778024946,0.234159847047781,0.48271798762835,76,89
72,15000,"THCM","MM-RWAL",0.309823794144559,0.238559204890144,0.382181216379178,3,50
72,15000,"ICM","MM-RWAL",0.517270379969631,0.329882083202466,0.200289949720968,3,89
72,15000,"THCM","RAENR-MM",0.20667285038164,0.153073480219313,0.725085003969496,41,50
72,15000,"ICM","RAENR-MM",0.420625111728868,0.2446734656621,0.471204528942254,41,89
73,15000,"THCM","Ridge",0.136464577134675,0.111878781662078,0.870975941788925,15000,39
73,15000,"ICM","Ridge",0.400519744404578,0.266736601459217,0.629456948525584,15000,89
73,15000,"THCM","LASSO",0.16848936960581,0.123109075583807,0.803312916352472,68,39
73,15000,"ICM","LASSO",0.438052638274584,0.262637380211218,0.556755440545097,68,89
73,15000,"THCM","ENET",0.161934081782107,0.119500462586366,0.81831990169748,79,39
73,15000,"ICM","ENET",0.434354881492423,0.263323649715459,0.564207023757589,79,89
73,15000,"THCM","MM-RWAL",0.2467180448806,0.173718960428244,0.578271783014876,5,39
73,15000,"ICM","MM-RWAL",0.501406731182258,0.317405555982155,0.419274184188926,5,89
73,15000,"THCM","RAENR-MM",0.149560638617678,0.117568700813983,0.845023641522593,40,39
73,15000,"ICM","RAENR-MM",0.428760321990855,0.273420229821139,0.575360891147885,40,89
74,15000,"THCM","Ridge",0.193378916528563,0.1465731794686,0.704888546733029,15000,50
74,15000,"ICM","Ridge",0.546501160742239,0.259354984193801,0.485077957611963,15000,89
74,15000,"THCM","LASSO",0.165768100351837,0.133028372791382,0.783144849839746,91,50
74,15000,"ICM","LASSO",0.634077226459167,0.279407180717843,0.306823842309762,91,89
74,15000,"THCM","ENET",0.162913917482697,0.131106586995423,0.790548153433282,99,50
74,15000,"ICM","ENET",0.632411547633489,0.277076988537235,0.310460914451053,99,89
74,15000,"THCM","MM-RWAL",0.219503585905403,0.184517829490493,0.619765903533919,5,50
74,15000,"ICM","MM-RWAL",0.720130637203535,0.357313688878009,0.105908674030475,5,89
74,15000,"THCM","RAENR-MM",0.16006105259113,0.130419171001568,0.79781955100226,36,50
74,15000,"ICM","RAENR-MM",0.629975618739882,0.26780964366895,0.315762630736875,36,89
75,15000,"THCM","Ridge",0.197425103554169,0.141662809248639,0.568076590472381,15000,42
75,15000,"ICM","Ridge",0.418198930688747,0.23441116527219,0.548920444338612,15000,89
75,15000,"THCM","LASSO",0.19764696867212,0.139445620476683,0.567105259245015,91,42
75,15000,"ICM","LASSO",0.463099436015837,0.235488338119315,0.446859048906052,91,89
75,15000,"THCM","ENET",0.196593060045373,0.141101926442046,0.571709581063471,130,42
75,15000,"ICM","ENET",0.459073852853679,0.235692651184804,0.456433825498029,130,89
75,15000,"THCM","MM-RWAL",0.243692469320966,0.17267265109952,0.341908606620648,5,42
75,15000,"ICM","MM-RWAL",0.499569337649297,0.280113766076182,0.35630689509884,5,89
75,15000,"THCM","RAENR-MM",0.184766378957198,0.130627130151807,0.621689941049393,41,42
75,15000,"ICM","RAENR-MM",0.467667865976767,0.245309745449471,0.435891858157822,41,89
76,15000,"THCM","Ridge",0.223436132673221,0.15449346266329,0.641390148265887,15000,56
76,15000,"ICM","Ridge",0.425598746918708,0.234524454843162,0.530397517505167,15000,89
76,15000,"THCM","LASSO",0.151326781630843,0.113741545076102,0.835507161002858,71,56
76,15000,"ICM","LASSO",0.484125326664689,0.210487510329977,0.392361463661987,71,89
76,15000,"THCM","ENET",0.157099740384193,0.119753417225713,0.822717307328774,133,56
76,15000,"ICM","ENET",0.475741568175738,0.21411426122298,0.413224594199462,133,89
76,15000,"THCM","MM-RWAL",0.240449989864025,0.184720193559157,0.584697131375,2,56
76,15000,"ICM","MM-RWAL",0.550094488559667,0.286502317301111,0.21547951100243,2,89
76,15000,"THCM","RAENR-MM",0.183591529500252,0.137480383146582,0.757885564141382,52,56
76,15000,"ICM","RAENR-MM",0.487461903039675,0.221813513644606,0.383956950315439,52,89
77,15000,"THCM","Ridge",0.156660384635398,0.127028326403195,0.596063726462047,15000,44
77,15000,"ICM","Ridge",0.313581775200102,0.209246035983453,0.668162280491286,15000,89
77,15000,"THCM","LASSO",0.170145700096023,0.129603119092442,0.523529042703312,65,44
77,15000,"ICM","LASSO",0.354242101085419,0.213730707385051,0.576528222716445,65,89
77,15000,"THCM","ENET",0.157634794514813,0.128008268144545,0.591023223482455,147,44
77,15000,"ICM","ENET",0.350857951385497,0.216611236212871,0.584580605924004,147,89
77,15000,"THCM","MM-RWAL",0.246796661453789,0.184002750975784,-0.00247381750876308,3,44
77,15000,"ICM","MM-RWAL",0.468454818047737,0.30073639240534,0.259441209429513,3,89
77,15000,"THCM","RAENR-MM",0.145575497951372,0.118994666544783,0.651204361020089,45,44
77,15000,"ICM","RAENR-MM",0.340086306115621,0.207145202706685,0.609696530836443,45,89
78,15000,"THCM","Ridge",0.16125616861589,0.123187256866033,0.67042059591479,15000,42
78,15000,"ICM","Ridge",0.482681746483328,0.27363045300499,0.522284616554967,15000,89
78,15000,"THCM","LASSO",0.130084979124129,0.0987159098082404,0.7855225223494,42,42
78,15000,"ICM","LASSO",0.55966709214374,0.269388130445521,0.357745702488483,42,89
78,15000,"THCM","ENET",0.135034549857743,0.100670971442206,0.768890822263882,69,42
78,15000,"ICM","ENET",0.556402617498508,0.267610756542029,0.365216244236284,69,89
78,15000,"THCM","MM-RWAL",0.14835612995737,0.121630351294616,0.721042281925769,5,42
78,15000,"ICM","MM-RWAL",0.598601155881634,0.303759291694595,0.265278788774001,5,89
78,15000,"THCM","RAENR-MM",0.14162825931171,0.105786034036744,0.745769749573173,40,42
78,15000,"ICM","RAENR-MM",0.553809659143081,0.268741118460154,0.371118921563788,40,89
79,15000,"THCM","Ridge",0.194776380460411,0.14348628884437,0.740373926290745,15000,54
79,15000,"ICM","Ridge",0.418666021553777,0.224190802143665,0.5543465179443,15000,89
79,15000,"THCM","LASSO",0.179467462070111,0.135587871710901,0.779581944841348,60,54
79,15000,"ICM","LASSO",0.495371938478361,0.21950486581175,0.376086079103902,60,89
79,15000,"THCM","ENET",0.178381057348038,0.136267129095387,0.782242465238218,112,54
79,15000,"ICM","ENET",0.482685268733303,0.214631627031157,0.407634219547293,112,89
79,15000,"THCM","MM-RWAL",0.224654141147569,0.16548997018849,0.654614118618247,4,54
79,15000,"ICM","MM-RWAL",0.533051261631678,0.264018142198904,0.277563259732365,4,89
79,15000,"THCM","RAENR-MM",0.17156446880818,0.12248490977219,0.798567091575647,47,54
79,15000,"ICM","RAENR-MM",0.48091611794203,0.211346167961603,0.411968571171196,47,89
80,15000,"THCM","Ridge",0.20826927207474,0.145085143449396,0.691918152462696,15000,56
80,15000,"ICM","Ridge",0.499286116003704,0.25029315227978,0.549070009266492,15000,89
80,15000,"THCM","LASSO",0.179631948881624,0.120706822408205,0.770816749233838,59,56
80,15000,"ICM","LASSO",0.577117889550031,0.248632479183804,0.397524743522032,59,89
80,15000,"THCM","ENET",0.175915780944004,0.123004550355102,0.78020120202263,60,56
80,15000,"ICM","ENET",0.591813838974263,0.258237716213732,0.36645075956235,60,89
80,15000,"THCM","MM-RWAL",0.254983932048744,0.183285656026924,0.538213385898516,4,56
80,15000,"ICM","MM-RWAL",0.666706275813277,0.333274029138367,0.195957087487735,4,89
80,15000,"THCM","RAENR-MM",0.165203338407635,0.124384262570011,0.806155559314885,41,56
80,15000,"ICM","RAENR-MM",0.582560334031498,0.264822342883889,0.386108015603262,41,89
81,15000,"THCM","Ridge",0.175311012619516,0.127846832311074,0.695800049203582,15000,43
81,15000,"ICM","Ridge",0.488519914566614,0.270331454381377,0.547681347363384,15000,89
81,15000,"THCM","LASSO",0.138419327372205,0.11027956124104,0.81035813750443,46,43
81,15000,"ICM","LASSO",0.578840680877838,0.274440077555212,0.364964441721682,46,89
81,15000,"THCM","ENET",0.14049990123584,0.109316627105251,0.80461429746311,79,43
81,15000,"ICM","ENET",0.569130627681166,0.267808688988026,0.386091186970759,79,89
81,15000,"THCM","MM-RWAL",0.17719627001942,0.130940972592793,0.689222266980843,5,43
81,15000,"ICM","MM-RWAL",0.620827556703333,0.324529906148142,0.269497134292786,5,89
81,15000,"THCM","RAENR-MM",0.147068147497446,0.110855508991943,0.785919067967519,40,43
81,15000,"ICM","RAENR-MM",0.556425698128881,0.271935678099104,0.41319431689105,40,89
82,15000,"THCM","Ridge",0.116931111285015,0.0902291072782324,0.784701520521162,15000,35
82,15000,"ICM","Ridge",0.401789992730412,0.266716599320892,0.582792964889416,15000,89
82,15000,"THCM","LASSO",0.11224729251666,0.0831296608515841,0.801604162056711,62,35
82,15000,"ICM","LASSO",0.434975049113318,0.259131467013635,0.51103014767646,62,89
82,15000,"THCM","ENET",0.106378477750192,0.0738157475527178,0.821807938920733,63,35
82,15000,"ICM","ENET",0.430021431135445,0.25390705314871,0.522103783651097,63,89
82,15000,"THCM","MM-RWAL",0.17539937343998,0.114216886559441,0.515563471023603,4,35
82,15000,"ICM","MM-RWAL",0.496901778116212,0.306386297579457,0.361891553488402,4,89
82,15000,"THCM","RAENR-MM",0.110413288150574,0.0820783044094426,0.808034362498862,42,35
82,15000,"ICM","RAENR-MM",0.423753262819162,0.265051181592164,0.535934265773486,42,89
83,15000,"THCM","Ridge",0.200937183659043,0.152455047911611,0.665937604625499,15000,53
83,15000,"ICM","Ridge",0.263072671053663,0.182745072408527,0.700291669685598,15000,89
83,15000,"THCM","LASSO",0.173684675496175,0.127532284020028,0.750408395881375,53,53
83,15000,"ICM","LASSO",0.281347321787526,0.164411224080551,0.657206233251386,53,89
83,15000,"THCM","ENET",0.174521296886012,0.130834891158184,0.747998090064449,75,53
83,15000,"ICM","ENET",0.281354174745621,0.165933675185815,0.657189533750473,75,89
83,15000,"THCM","MM-RWAL",0.228585306004657,0.17258678546614,0.567681731332295,3,53
83,15000,"ICM","MM-RWAL",0.358742739341932,0.229711716108976,0.442668505269632,3,89
83,15000,"THCM","RAENR-MM",0.157558111313368,0.118108910509413,0.794605645917596,46,53
83,15000,"ICM","RAENR-MM",0.286264012228757,0.174871125926862,0.645120548269905,46,89
84,15000,"THCM","Ridge",0.166905976607759,0.128896949513713,0.654367512078199,15000,40
84,15000,"ICM","Ridge",0.377864691195961,0.253282063785133,0.64680928209433,15000,89
84,15000,"THCM","LASSO",0.180393259944041,0.132970874921777,0.596251060366797,117,40
84,15000,"ICM","LASSO",0.431078888571687,0.251090840203874,0.540325760374547,117,89
84,15000,"THCM","ENET",0.187039824410187,0.129587129163871,0.565950806950339,248,40
84,15000,"ICM","ENET",0.421240454531071,0.248407117634962,0.561068445771741,248,89
84,15000,"THCM","MM-RWAL",0.237871550016304,0.185468139138326,0.297969814658461,3,40
84,15000,"ICM","MM-RWAL",0.517442955976529,0.321098482892695,0.33768953719575,3,89
84,15000,"THCM","RAENR-MM",0.166661165278213,0.120072442685702,0.655380689626129,39,40
84,15000,"ICM","RAENR-MM",0.449327947441716,0.258310699131606,0.500582770541874,39,89
85,15000,"THCM","Ridge",0.224292290107639,0.159717806038221,0.63694268423019,15000,45
85,15000,"ICM","Ridge",0.479484847223573,0.276897501238528,0.551196304015276,15000,89
85,15000,"THCM","LASSO",0.181541363846795,0.131211017075292,0.762152993696322,140,45
85,15000,"ICM","LASSO",0.519689708294395,0.254078819481251,0.472776350170617,140,89
85,15000,"THCM","ENET",0.184622550691005,0.13563820889561,0.754010825320876,134,45
85,15000,"ICM","ENET",0.528241117851549,0.262519863243221,0.455282839538198,134,89
85,15000,"THCM","MM-RWAL",0.253375358140007,0.174122431363403,0.536686181898154,4,45
85,15000,"ICM","MM-RWAL",0.616713526823625,0.332359864277025,0.257539080135567,4,89
85,15000,"THCM","RAENR-MM",0.184542837184282,0.134867088921387,0.754223198365147,41,45
85,15000,"ICM","RAENR-MM",0.568065667610359,0.294692726282674,0.370053401033347,41,89
86,15000,"THCM","Ridge",0.170837755617034,0.126604185338099,0.585203071888917,15000,45
86,15000,"ICM","Ridge",0.353438781403009,0.230932972148934,0.652236776117839,15000,89
86,15000,"THCM","LASSO",0.152772923102068,0.12525850200498,0.668288450015377,69,45
86,15000,"ICM","LASSO",0.451588967280841,0.237972513213786,0.432269930086315,69,89
86,15000,"THCM","ENET",0.152093269973366,0.123368479729719,0.671233308334023,85,45
86,15000,"ICM","ENET",0.448006015886832,0.237062788393941,0.441243044231574,85,89
86,15000,"THCM","MM-RWAL",0.205451092392012,0.167689282517436,0.400091899116456,2,45
86,15000,"ICM","MM-RWAL",0.538832348618295,0.30661958605549,0.191718624126545,2,89
86,15000,"THCM","RAENR-MM",0.137741103317349,0.112776635898127,0.730353410458766,38,45
86,15000,"ICM","RAENR-MM",0.436354350234947,0.234444531853076,0.469929212109692,38,89
87,15000,"THCM","Ridge",0.190289399206236,0.147934852070919,0.75153253945157,15000,52
87,15000,"ICM","Ridge",0.341433704782376,0.241209596951499,0.695422506617052,15000,89
87,15000,"THCM","LASSO",0.190059850734247,0.146886801415216,0.752131636668059,41,52
87,15000,"ICM","LASSO",0.474209072392878,0.26013855644242,0.412477173922668,41,89
87,15000,"THCM","ENET",0.173259978613473,0.135629057559495,0.794014407826812,106,52
87,15000,"ICM","ENET",0.451375080481843,0.252306924274155,0.467695441951513,106,89
87,15000,"THCM","MM-RWAL",0.263272873393102,0.181282556618196,0.524388268699608,4,52
87,15000,"ICM","MM-RWAL",0.530997907176099,0.294234182756245,0.263333965894186,4,89
87,15000,"THCM","RAENR-MM",0.17364659801232,0.139253634896184,0.793094092815483,40,52
87,15000,"ICM","RAENR-MM",0.444375527317443,0.253807786025419,0.484076519085414,40,89
88,15000,"THCM","Ridge",0.229353091084675,0.166034753710099,0.664416935817117,15000,51
88,15000,"ICM","Ridge",0.326696450054158,0.217006977747992,0.582965746086595,15000,89
88,15000,"THCM","LASSO",0.196549716626783,0.139395189912571,0.753546106291845,51,51
88,15000,"ICM","LASSO",0.319002960066544,0.205384395788869,0.602376244176064,51,89
88,15000,"THCM","ENET",0.1911751923283,0.139164989239935,0.766840072584195,69,51
88,15000,"ICM","ENET",0.311975116819626,0.204135920475513,0.619703078931161,69,89
88,15000,"THCM","MM-RWAL",0.241303686766361,0.17255757826268,0.62853426916439,5,51
88,15000,"ICM","MM-RWAL",0.372599988405802,0.249010407487335,0.457538936085824,5,89
88,15000,"THCM","RAENR-MM",0.177245082810022,0.137171269277301,0.799580842911046,46,51
88,15000,"ICM","RAENR-MM",0.303024005282883,0.193574376988106,0.64121277935974,46,89
89,15000,"THCM","Ridge",0.161148732075239,0.12423389468658,0.549903303513468,15000,50
89,15000,"ICM","Ridge",0.582204567300535,0.30816170620433,0.481113347771735,15000,89
89,15000,"THCM","LASSO",0.188210476876703,0.137518038079044,0.386040632558072,73,50
89,15000,"ICM","LASSO",0.668271881949837,0.328161294998812,0.31635969477418,73,89
89,15000,"THCM","ENET",0.189119415209257,0.141316272744563,0.380096237418121,128,50
89,15000,"ICM","ENET",0.662737379749672,0.324958646900791,0.327636366160742,128,89
89,15000,"THCM","MM-RWAL",0.188920323332096,0.136277171116304,0.381400734269902,5,50
89,15000,"ICM","MM-RWAL",0.70262313474853,0.361620111843939,0.244270850798911,5,89
89,15000,"THCM","RAENR-MM",0.171046518989267,0.129672746350434,0.492915284668521,61,50
89,15000,"ICM","RAENR-MM",0.666475051527361,0.331040469061797,0.320031057605197,61,89
90,15000,"THCM","Ridge",0.186278152418414,0.130965398158603,0.646788472311434,15000,41
90,15000,"ICM","Ridge",0.347120826149291,0.246468186398572,0.602736112753583,15000,89
90,15000,"THCM","LASSO",0.151307691662643,0.118325741177521,0.766958623381645,89,41
90,15000,"ICM","LASSO",0.38037489660433,0.244000739441697,0.522974669597115,89,89
90,15000,"THCM","ENET",0.149834623417552,0.116848287946309,0.771474121627322,78,41
90,15000,"ICM","ENET",0.367675295307343,0.237361820756467,0.55429588249969,78,89
90,15000,"THCM","MM-RWAL",0.20342695276123,0.159130791942201,0.578761543455338,4,41
90,15000,"ICM","MM-RWAL",0.454647841220561,0.295342138622962,0.318496621792864,4,89
90,15000,"THCM","RAENR-MM",0.159495638417968,0.127456215784951,0.741054333058899,35,41
90,15000,"ICM","RAENR-MM",0.345583551444149,0.228108166543134,0.606247002244551,35,89
91,15000,"THCM","Ridge",0.159893902517596,0.11534092774534,0.795181522090741,15000,46
91,15000,"ICM","Ridge",0.290961421383873,0.196800513154907,0.686091660432682,15000,89
91,15000,"THCM","LASSO",0.158227128111213,0.110263576141152,0.799429424526481,54,46
91,15000,"ICM","LASSO",0.277137563770942,0.179207470357304,0.715211253376249,54,89
91,15000,"THCM","ENET",0.153713058144891,0.114211308836075,0.810710355525864,262,46
91,15000,"ICM","ENET",0.251491742023717,0.172218329579905,0.765480212108334,262,89
91,15000,"THCM","MM-RWAL",0.257027312484348,0.182474361367439,0.470746327928583,3,46
91,15000,"ICM","MM-RWAL",0.404016313200155,0.267857951790767,0.394756914130736,3,89
91,15000,"THCM","RAENR-MM",0.133909551426515,0.0965312763975238,0.856342455133713,50,46
91,15000,"ICM","RAENR-MM",0.264600116180455,0.174073996485708,0.740395572188191,50,89
92,15000,"THCM","Ridge",0.178741653350122,0.132912020900531,0.720577250371971,15000,47
92,15000,"ICM","Ridge",0.329249161042639,0.210176963377503,0.653938487623209,15000,89
92,15000,"THCM","LASSO",0.208002164289109,0.158127472595851,0.621604530416641,47,47
92,15000,"ICM","LASSO",0.368113034168111,0.219568476504994,0.567420098022073,47,89
92,15000,"THCM","ENET",0.203436100715827,0.154285487476026,0.638035260228859,52,47
92,15000,"ICM","ENET",0.368193124693277,0.220080715681671,0.567231844321529,52,89
92,15000,"THCM","MM-RWAL",0.256703507802272,0.213263508928664,0.423666549494179,4,47
92,15000,"ICM","MM-RWAL",0.432233484471961,0.280382543813419,0.403595703611266,4,89
92,15000,"THCM","RAENR-MM",0.187140335756683,0.142688957865378,0.6937013878644,36,47
92,15000,"ICM","RAENR-MM",0.357478508436218,0.211977366246284,0.592052926672234,36,89
93,15000,"THCM","Ridge",0.154260254976531,0.11274001791567,0.745488289385914,15000,42
93,15000,"ICM","Ridge",0.341680408131945,0.231155466962372,0.709392981403255,15000,89
93,15000,"THCM","LASSO",0.167137435601298,0.122805596001439,0.701223009003841,254,42
93,15000,"ICM","LASSO",0.379021944398649,0.230945798818133,0.642402350860136,254,89
93,15000,"THCM","ENET",0.163249329150717,0.117288340356143,0.714962178083274,140,42
93,15000,"ICM","ENET",0.38030465539199,0.224305231665126,0.639977844234733,140,89
93,15000,"THCM","MM-RWAL",0.206287646896391,0.153939868825362,0.544858827412152,3,42
93,15000,"ICM","MM-RWAL",0.506742035286511,0.312093191645944,0.360795524067909,3,89
93,15000,"THCM","RAENR-MM",0.15666377505349,0.113583113838204,0.737495438285163,43,42
93,15000,"ICM","RAENR-MM",0.383154147587855,0.244539174848702,0.634562587844403,43,89
94,15000,"THCM","Ridge",0.207734333179201,0.128349776535924,0.701263174616037,15000,46
94,15000,"ICM","Ridge",0.366756494590673,0.239705171792644,0.591497437676393,15000,89
94,15000,"THCM","LASSO",0.210254934148084,0.141888331460358,0.693969583203476,110,46
94,15000,"ICM","LASSO",0.34432989741492,0.217347889810593,0.639928601862001,110,89
94,15000,"THCM","ENET",0.205763600127507,0.137845844877013,0.706904398612074,80,46
94,15000,"ICM","ENET",0.344249198017496,0.212784239155451,0.64009735944024,80,89
94,15000,"THCM","MM-RWAL",0.293800729256253,0.19384136238478,0.402444924026017,3,46
94,15000,"ICM","MM-RWAL",0.458633624521674,0.28840807510093,0.361191123765044,3,89
94,15000,"THCM","RAENR-MM",0.199278182746763,0.125446033989076,0.725089258455806,49,46
94,15000,"ICM","RAENR-MM",0.331598724560341,0.197997892468943,0.666062753717303,49,89
95,15000,"THCM","Ridge",0.195342481249903,0.143622231870616,0.601076797470368,15000,57
95,15000,"ICM","Ridge",0.307171474879271,0.198436974300023,0.622762645866797,15000,89
95,15000,"THCM","LASSO",0.160318799926745,0.115229935782355,0.731301771172258,50,57
95,15000,"ICM","LASSO",0.337080343602306,0.183025593102139,0.545724013599928,50,89
95,15000,"THCM","ENET",0.162334963312648,0.117141306791487,0.724500996972751,78,57
95,15000,"ICM","ENET",0.33487002817217,0.180539095104557,0.551662070820197,78,89
95,15000,"THCM","MM-RWAL",0.226799447175175,0.187933339183139,0.462250666940419,2,57
95,15000,"ICM","MM-RWAL",0.412755632639814,0.259801954273629,0.318855990804801,2,89
95,15000,"THCM","RAENR-MM",0.177407898144397,0.1324487562365,0.670965226301534,40,57
95,15000,"ICM","RAENR-MM",0.322392760539281,0.197265936849283,0.584449809115197,40,89
96,15000,"THCM","Ridge",0.147575454007654,0.107877357335282,0.74633975479858,15000,53
96,15000,"ICM","Ridge",0.337510707090915,0.202967580271554,0.658720779024854,15000,89
96,15000,"THCM","LASSO",0.152918669976217,0.114610997998003,0.727638839449772,54,53
96,15000,"ICM","LASSO",0.422522494292909,0.216234212950093,0.465147035914189,54,89
96,15000,"THCM","ENET",0.1564428444819,0.116201682640953,0.714940473396842,69,53
96,15000,"ICM","ENET",0.414784274536705,0.214729490197691,0.484558594107061,69,89
96,15000,"THCM","MM-RWAL",0.176719259468507,0.15316026204339,0.636259283503069,4,53
96,15000,"ICM","MM-RWAL",0.48360482814825,0.264301777040716,0.299326014720553,4,89
96,15000,"THCM","RAENR-MM",0.163951394018609,0.112484901152193,0.686920681848317,34,53
96,15000,"ICM","RAENR-MM",0.413729055436946,0.213629073417983,0.487177843673977,34,89
97,15000,"THCM","Ridge",0.151271246820831,0.106905054424294,0.782619365539381,15000,51
97,15000,"ICM","Ridge",0.317781064655202,0.205798569432605,0.645543425881624,15000,89
97,15000,"THCM","LASSO",0.140398726437797,0.110605468015934,0.812744571954657,87,51
97,15000,"ICM","LASSO",0.320266034993741,0.194657746427209,0.639978223628667,87,89
97,15000,"THCM","ENET",0.142516196546483,0.110637295539915,0.807053668430723,71,51
97,15000,"ICM","ENET",0.321421245048758,0.194496840971031,0.637376318871934,71,89
97,15000,"THCM","MM-RWAL",0.207735251959944,0.160702245005849,0.590052274528238,3,51
97,15000,"ICM","MM-RWAL",0.404084292285357,0.254115443477037,0.426872903536568,3,89
97,15000,"THCM","RAENR-MM",0.143292053097399,0.109815737907423,0.804947154814694,43,51
97,15000,"ICM","RAENR-MM",0.316329626500626,0.195342613608372,0.648773932350914,43,89
98,15000,"THCM","Ridge",0.193747218936384,0.137815760757895,0.685273974208349,15000,53
98,15000,"ICM","Ridge",0.35559730203662,0.239193726787907,0.646516144503436,15000,89
98,15000,"THCM","LASSO",0.17355265181847,0.121289902969233,0.747463468728276,88,53
98,15000,"ICM","LASSO",0.413713374023894,0.236131234188806,0.521533220417276,88,89
98,15000,"THCM","ENET",0.172469653804455,0.120307725384734,0.750605376690914,100,53
98,15000,"ICM","ENET",0.41168515922199,0.23568153532062,0.526213052920053,100,89
98,15000,"THCM","MM-RWAL",0.280495256245314,0.201891709572646,0.340351248575536,3,53
98,15000,"ICM","MM-RWAL",0.525025466692292,0.314311908671541,0.229427673768283,3,89
98,15000,"THCM","RAENR-MM",0.182009200960072,0.13162682823853,0.722253631558631,43,53
98,15000,"ICM","RAENR-MM",0.413466882235495,0.244491854806406,0.522103194731031,43,89
99,15000,"THCM","Ridge",0.176797584829668,0.140444184795622,0.688771863695158,15000,55
99,15000,"ICM","Ridge",0.452518413173208,0.241696697085923,0.530226759161477,15000,89
99,15000,"THCM","LASSO",0.145958156525884,0.113418617033825,0.787879356864717,116,55
99,15000,"ICM","LASSO",0.526494967720467,0.257084232642549,0.364077468407708,116,89
99,15000,"THCM","ENET",0.144890975936739,0.111534159547256,0.79096987919712,107,55
99,15000,"ICM","ENET",0.520776914299389,0.249484836001625,0.377815465360572,107,89
99,15000,"THCM","MM-RWAL",0.221513244884606,0.173925749723563,0.511431352247131,4,55
99,15000,"ICM","MM-RWAL",0.602407129106,0.320330330819605,0.167477519573288,4,89
99,15000,"THCM","RAENR-MM",0.142715876748148,0.112706864496013,0.797198680713809,35,55
99,15000,"ICM","RAENR-MM",0.514333189086893,0.242958423869164,0.393117152690399,35,89
100,15000,"THCM","Ridge",0.178702902356401,0.124526474195932,0.70522696593954,15000,47
100,15000,"ICM","Ridge",0.338757014297931,0.231513902951845,0.642494080710221,15000,89
100,15000,"THCM","LASSO",0.136986566393729,0.100145098011004,0.826786993585414,80,47
100,15000,"ICM","LASSO",0.347265939888794,0.207429415082378,0.624308799670227,80,89
100,15000,"THCM","ENET",0.135180257342065,0.100917094056271,0.831324860791316,89,47
100,15000,"ICM","ENET",0.348130441083254,0.209339417701951,0.622435942457923,89,89
100,15000,"THCM","MM-RWAL",0.225967304821063,0.171640183724523,0.528680128207214,3,47
100,15000,"ICM","MM-RWAL",0.454047136437893,0.296043145002197,0.357743473754552,3,89
100,15000,"THCM","RAENR-MM",0.142366071060313,0.114033039426817,0.812915615663714,34,47
100,15000,"ICM","RAENR-MM",0.356080912776896,0.230740050552407,0.604993690228202,34,89
